date,title,stock
2020-02-09,Microsoft  Twitter and Walmart want to help you get a job in tech   without racking up student loans,WMT
2020-02-07,4 Stocks To Win Big From China s Tariff Relief,WMT
2020-02-06,Pizza toting robots  U S  lets Nuro deploy driverless delivery vehicles,WMT
2020-02-06,Accused El Paso mass shooter charged with 90 counts of federal hate crimes,WMT
2020-02-05,The Zacks Analyst Blog Highlights  Walmart  AT T  Tesla  General Motors And Verizon,WMT
2020-02-04,Britain s supermarkets see weak start to year  Kantar,WMT
2020-02-04,Why Tesla Shares Are Going To Continue Acting Like Tesla Shares,WMT
2020-02-04,Walmart Just Dragged Primary Care Into the Healthcare Cost Battle,WMT
2020-02-03,The Zacks Analyst Blog Highlights  Chevron  Citigroup  Coca Cola  Walmart And Apple,WMT
2020-02-01,Death toll from China virus rises to 259  border curbs disrupt more flights,WMT
2020-01-31,Is FAN ETF A Solid Pick For 2020 ,WMT
2020-01-31,Did Walmart Waste  3 3 Billion on Jet com ,WMT
2020-01-31,Walmart temporarily limits  non business critical travel  to China,WMT
2020-01-30,Big Brand American Stocks To Sail Through An Edgy Market,WMT
2020-01-30,S  Africa s Massmart to restructure after forecasting loss ,WMT
2020-01-29,Mastercard A Solid Buy After Posting Stellar Q4 Earnings,WMT
2020-01-28,StockBeat  Sainsbury Aims to Swallow the Costs of Going Green,WMT
2020-01-28,Sainsbury s Coupe says exit not due to failure of Asda deal,WMT
2020-01-27,Chile protests drive doubling in commercial insurance costs,WMT
2020-01-24,Walmart raises starting hourly wage to  12 in 500 stores  as part of a test,WMT
2020-01-24,Are Robotic ETFs The Right Choice For 2020 ,WMT
2020-01-24,Walmart eyes Flipkart deal in India,WMT
2020-01-23,Verizon Partners Synchrony To Foray Into Financial Services,WMT
2020-01-22,National Vision expands expands Walmart agreement,WMT
2020-01-22,Premarket London  Berkeley Splashes the Cash  Burberry Raises Guidance,WMT
2020-01-22,Sainsbury CEO Exits With Stock the Worst Performer Among Peers,WMT
2020-01-22,Will Target s and Walmart s Success Spell Disaster for Other Retailers ,WMT
2020-01-22,Impinj  6  after analyst sees Walmart using RFID,WMT
2020-01-22,Walmart Takes Its Private Label Grocery Efforts to the Next Level,WMT
2020-01-21,Euronet s Unit Ties Up With Bpost To Ease Money Transfer,WMT
2020-01-17,Walmart shuffles executives after holiday season  chief merchant departing,WMT
2020-01-17,Walmart U S  Chief Merchandising Officer Bratspies departs,WMT
2020-01-17,Walmart makes some C suite moves,WMT
2020-01-17,Walmart Robots May Be Good for Investors  Bad for Employees,WMT
2020-01-16,Walmart sized up after Target s guidance shocker,WMT
2020-01-15,Walmart Inc   WMT  Stock Sinks As Market Gains  What You Should Know,WMT
2020-01-15,Walmart s Shocking Retreat in India Could Prove Costly,WMT
2020-01-15,South Africa s Telkom could cut 3 000 jobs  letter to unions,WMT
2020-01-15,Asia Wrap  Is The U S  China Trade Deal Just A Detente ,WMT
2020-01-14,Drag from Trump s trade wars continues to ripple through U S  economy,WMT
2020-01-13,Infosys Drives India s Sensex to Record After 3Q Earnings Beat,WMT
2020-01-13,Walmart sacks 50  executives in India,WMT
2020-01-10,Sainsbury s Roberts is leading internal contender to be next CEO  sources,WMT
2020-01-09,Walmart opened 134 stores in Mexico in 2019  its biggest expansion in 6 years,WMT
2020-01-09,Christmas gloom casts pall over British retail,WMT
2020-01-08,Walmart opened 134 stores in Mexico in 2019  biggest expansion in six years,WMT
2020-01-08,Michaels  MIK  Gains On Strategic Initiatives  Hit By Tariff,WMT
2020-01-08,What Walmart s Foray Into Premium Alcohol Says About Modern Retail,WMT
2020-01-08,Walmart just unveiled a new technology that could help defend its position as America s largest grocer,WMT
2020-01-07,Walmart Has a Plan to Fix Its Brick and Mortar Stores,WMT
2020-01-06,Is SmileDirectClub s Walmart Partnership the Beginning of Something Big ,WMT
2020-01-06,SmileDirectClub and Walmart Team Up on Distribution Deal,WMT
2020-01-06,SmileDirectClub up 8  premarket on Walmart deal,WMT
2020-01-01,Walmart s Supercenter Enhancement Plans Are a Double Edged Sword,WMT
2019-12-30,Fashion Industry s Strategic Shift Puts 4 Stocks On Top,WMT
2019-12-29,Reasons To Add Murphy USA  MUSA  To Your Portfolio Right Now,WMT
2019-12-27,Walmart  WMT  Stock Moves 0 06   What You Should Know,WMT
2019-12-27,Michaels Cos hires Walmart s Ashley Buchanan as CEO,WMT
2019-12-26,Tencent Creating Team To Penetrate Cryptocurrency Market ,WMT
2019-12-25,Suspect in Beathard death on most wanted list,WMT
2019-12-13,Why Is Walmart  WMT  Down 0 3  Since Last Earnings Report ,WMT
2019-12-11,Next Big Wave of Tech Unicorn Listings Could Be in India,WMT
2019-12-10,UK grocers  sales subdued as shoppers delay Christmas preparations,WMT
2019-12-09,Walmart Chile pulls court requests for police protection  but warns looting continues,WMT
2019-11-26,Here s Why It Is Worth Betting On Murphy USA  MUSA  Stock Now,WMT
2019-11-20,Mexicans sue Walmart over Texas shooting that left victims on both sides of border,WMT
2019-11-18,With stores burned and looted  Walmart seeks police protection in riot hit Chile,WMT
2019-11-18,Beyond Meat vs Zhenmeat  The battle for China s meatless market,WMT
2019-11-18,Shooting in Walmart parking lot leaves three dead in Oklahoma,WMT
2019-11-17,Stock Market News For Nov 18  2019,WMT
2019-11-17,Global Payments Hits 52 Week High  Is Further Upside Left ,WMT
2019-11-16,Synchrony  SYF  Up 9  Since Last Earnings Report  Can It Continue ,WMT
2019-11-15,U S  retail sales rise modestly  factory output tumbles,WMT
2019-11-14,Walmart Beats On Earnings  Raises View  ETFs In Focus,WMT
2019-11-14,Stocks   Walmart  Viacom Rise Premarket  Canopy Growth  Cisco Fall,WMT
2019-11-14,Walmart Rises 3 ,WMT
2019-11-14,Stocks   Wall Street Falls on Concerns Over Global Economic Growth ,WMT
2019-11-14,Walmart Canada Rolls Out Blockchain Based Freight and Payment System,WMT
2019-11-14,S P 500 notches another record  shakes off dour Cisco forecast,WMT
2019-11-13,PPI 0 4   Jobless Claims Up To 225K  WMT Q3 Mixed,WMT
2019-11-13,Walmart  WMT  Q3 Earnings Top Estimates,WMT
2019-11-13,Opening Bell  Global Shares   Futures Dive On Trade  Hong Kong Fears  Gold Up,WMT
2019-11-12,Morrisons lags as big UK supermarkets lose ground to discounters  Kantar,WMT
2019-11-12,Opening Bell  U S  Futures Flat As Markets Await New Trade Developments,WMT
2019-11-11,Opening Bell  Stocks  U S  Futures Sink On Hong Kong Unrest  Trade Concerns,WMT
2019-11-11,Week Ahead   Trade War  UK  RBNZ  Banxico  Spain,WMT
2019-11-11,Are 2020 Earnings Forecasts Too High ,WMT
2019-11-10,3 Stocks To Watch In The Coming Week  Tilray  Walmart  NVIDIA,WMT
2019-11-10,S P 500 Earnings  Not A Bad Decade,WMT
2019-11-07,PwC Analyst  Blockchain Gives  Illusion of Traceability  for Walmart,WMT
2019-11-07,Walmart  WMT  Hits 52 Week High  Can The Run Continue ,WMT
2019-11-06,Walmart de Mexico says October same store sales up 2 3  year on year,WMT
2019-11-05,Why Indonesia Failed to Cash in on the China U S  Trade War,WMT
2019-11-05,Former McDonald s chief Easterbrook steps down from Walmart board,WMT
2019-11-04,Why Walmart  WMT  Is Poised To Beat Earnings Estimates Again,WMT
2019-11-01,Asda gives workers more time to sign new contracts before facing dismissal,WMT
2019-11-01,Democrat O Rourke drops out of 2020 presidential race,WMT
2019-10-31,Companhia Brasileira  CBD  Q3 Earnings   Revenues Rise Y Y,WMT
2019-10-26,What Will Move Crypto Into the Institutional Realm ,WMT
2019-10-24,Officer shoots person at Walmart store in El Paso  Texas  media reports,WMT
2019-10-24,FDA investigating whether Zantac causes carcinogens to form in users,WMT
2019-10-23,Walmart offers holiday deals early to avoid shorter holiday season,WMT
2019-10-21,Chileans desperate for gas  groceries following weekend riots,WMT
2019-10-20,Three die after supermarket set on fire  flights out of Santiago delayed due to Chile riots,WMT
2019-10-18,Walmart s Asda agrees  4 9 billion Rothesay Life pension deal,WMT
2019-10-17,UK retail sales growth softens in third quarter as department stores disappoint,WMT
2019-10-17,Workers at UK s Asda face sack as contract deadline looms,WMT
2019-10-16,Lidl to spend  19 billion over five years with British suppliers,WMT
2019-10-15,UK consumers not Brexit stockpiling yet  Kantar,WMT
2019-10-10,El Paso mass murder suspect pleads not guilty  accused of targeting Mexicans,WMT
2019-10-03,Walmart to test programs for U S  workers to cut its healthcare costs,WMT
2019-09-30,Bernie Sanders calls for higher taxes on companies with wide pay gaps,WMT
2019-09-30,Revealed  Buffett s Secret Dividend  Yours At A 16  Discount ,WMT
2019-09-24,Walmart expands  1 a day education program to deepen push in healthcare,WMT
2019-09-19,Walmart chief to chair CEO group Business Roundtable,WMT
2019-09-17,Walmart likely discriminated against female workers  U S  agency says,WMT
2019-09-17,The Zacks Analyst Blog Highlights  Chevron  Walmart  ConocoPhillips  TransDigm And Phillips 66 Partners,WMT
2019-09-17,Top Research Reports For Chevron  Walmart   ConocoPhillips,WMT
2019-09-15,Walmart  WMT  Hits Fresh High  Is There Still Room To Run ,WMT
2019-09-13,O Rourke s  hell yes  vow to take away rifles worries U S  lawmakers pushing for gun limits,WMT
2019-09-13,Walmart  WMT  Up 4 2  Since Last Earnings Report  Can It Continue ,WMT
2019-09-12,Grand jury indicts man accused of killing 22 people at Texas Walmart,WMT
2019-09-12,Stocks   Wall Street Rises as Trump Delays China Tariffs  ECB Cuts Rates,WMT
2019-09-12,Stocks   Hertz  Activision Blizzard Rise Permarket  Oracle Falls,WMT
2019-09-12,Bear Of The Day  Vista Outdoor  VSTO ,WMT
2019-09-12,Top Performing Consumer Staples ETFs This Year,WMT
2019-09-11,StockBeat  Europe Gets a New Tech Giant as Naspers Spins off  Prosus,WMT
2019-09-08,Stockpiles of tomatoes  UK retailers bristle at demands of no deal Brexit,WMT
2019-09-07,Albertsons Companies joins supermarkets in changing guns policy,WMT
2019-09-05,8chan owner to restrict some access during emergencies  House panel testimony,WMT
2019-09-04,National Vision  EYE  Down 11 1  Since Last Earnings Report  Can It Rebound ,WMT
2019-09-04,Share index relegation a sign of the times for once mighty MS,WMT
2019-09-03,August ETF Asset Report  Gold Tops,WMT
2019-09-03,Kroger asks customers to quit openly carrying guns in stores,WMT
2019-09-03,European fashion brands agree new deal in Bangladesh,WMT
2019-09-02,Texas gunman fired from job before massacre  victim IDs emerge  media report,WMT
2019-09-02,Texas gunman fired from job before massacre  victim IDs emerge  media,WMT
2019-09-02,Texas gunman who killed seven had previously failed background check for firearm,WMT
2019-09-02,Biggest Problems With Stablecoins  Explained,WMT
2019-08-31,How Facebook Libra Is Seeking Compliance  but May Not Launch by 2020,WMT
2019-08-26,4 Sector ETFs In Focus As US Economy Appears In Late Cycle ,WMT
2019-08-20,British grocery sales flat in latest 12 week period  Kantar,WMT
2019-08-18,The Week That Was And The Dashboard,WMT
2019-08-17,Why Is Synchrony  SYF  Down 7 4  Since Last Earnings Report ,WMT
2019-08-17,After Stocks Slip  Market Cycles Suggest A Blip Higher ,WMT
2019-08-16,Democrat O Rourke proposes domestic terrorism agencies to combat hate  gun massacres,WMT
2019-08-16,JD com JV in talks to raise  500 million in U S  IPO  The Information,WMT
2019-08-16,China In The Mood To Bolster Markets,WMT
2019-08-16,Tensions Ease As Central Bank Stimulus Expectations Grow,WMT
2019-08-16,Take Five  Fed in a hole,WMT
2019-08-16,Recession  Really  Not Based On Today s Economic Data,WMT
2019-08-15,Walmart s earnings beat allays worry over tariff impact for now,WMT
2019-08-15,Dow  S P Rebound As Consumers Calm Market ,WMT
2019-08-15,Walmart  WMT  Q2 Earnings Top Estimates,WMT
2019-08-15,XRT Put Options Popular After Macy s Miss,WMT
2019-08-15,5 ETFs To Gain From Walmart Strength Post Q2 Results,WMT
2019-08-15,Walmart  WMT  Catches Eye  Stock Jumps 6 1 ,WMT
2019-08-15,Walmart Rises 6 ,WMT
2019-08-15,U S  Stock Futures Rebound on China Trade Comments  Markets Wrap,WMT
2019-08-15,U S  Stock Futures Fall after China Threatens to Hit Back on Trade,WMT
2019-08-15,Fed s Bullard Doesn t See Need to Rush Into Emergency Rate Cut,WMT
2019-08-15,U S  presidential candidate Cory Booker proposes office to fight white supremacy,WMT
2019-08-15, Hate will not overcome love   El Paso shooting memorial attendees told,WMT
2019-08-14,Walmart Files Patent for Blockchain Based Drone Communication System,WMT
2019-08-14,Mexico pushes U S  to designate El Paso shooting an act of terrorism,WMT
2019-08-14,U S  House panel subpoenas website 8chan owner to testify as part of social media probe,WMT
2019-08-14,Opening Bell  Stocks  Yields Plunge As Global Recession Risk Roars Back,WMT
2019-08-14,Presidential contender Kamala Harris proposes ways to combat domestic terrorism,WMT
2019-08-13,British retailers call for business rates freeze,WMT
2019-08-13,Opening Bell  Spike In Global Risk Hits Stocks  U S  Yields Send Fresh Warnings,WMT
2019-08-12,Opening Bell  U S  Futures Tumble As China Hints At Hong Kong Intervention,WMT
2019-08-12,The Zacks Analyst Blog Highlights  Walmart  Macy s  Cisco Systems  And Tilray,WMT
2019-08-12,IMKTA Or WMT  Which Is The Better Value Stock Right Now ,WMT
2019-08-12,4 Stocks To Win Big As Earnings Season Winds Down ,WMT
2019-08-12,Blame Game Begins as Tariffs Nick U S   China Growth,WMT
2019-08-11,Earnings Predictions For The Week Ahead  JD  Alibaba  Walmart  Cisco  Nvidia,WMT
2019-08-11,Stocks Setups After A Wild Week,WMT
2019-08-11,Economic Calendar   Top 5 Things to Watch This Week,WMT
2019-08-09,Week Ahead   Key Data To Confirm Massive Stimulus Is Coming,WMT
2019-08-09,Trump says  common sense things can be done  on guns  wants NRA input,WMT
2019-08-08,Petition by Walmart employee to protest gun sales gathers nearly 45 000 signatures,WMT
2019-08-08,Trump visits mass shooting victims  protesters shout  Do something  ,WMT
2019-08-08,Uncertain welcome awaits Trump in Ohio and Texas after deadly mass shootings,WMT
2019-08-08,Mexico wants U S  help to identify white supremacist threats,WMT
2019-08-08,Texas shooting suspect s mother alerted police about his gun ownership  CNN,WMT
2019-08-07,8chan owner called before U S  Congress  as latest host drops site,WMT
2019-08-07,Analysts Estimate Walmart  WMT  To Report A Decline In Earnings  What To Look Out For,WMT
2019-08-06,Teen victim of Texas mass shooting straddled bi national culture,WMT
2019-08-06,Two more Texas shooting victims die in attack  Trump to visit El Paso,WMT
2019-08-06,Founder of site linked to mass shootings says he created  a monster ,WMT
2019-08-06,Trump plans to visit El Paso as the Hispanic border city mourns,WMT
2019-08-06,Walmart says Mexico same store sales rise 2 2  in July,WMT
2019-08-05,Walmart says no change in company firearms sales policy since El Paso shooting,WMT
2019-08-05,Trump calls on U S  lawmakers to pass gun background check law,WMT
2019-08-05,El Paso lands in heart of debates over gun violence and immigration,WMT
2019-08-05,After shootings  Trump reins in his attacks   for now,WMT
2019-08-05,Walmart Falls 3 ,WMT
2019-08-05,Lone wolf attackers inspire each other  NATO chief says,WMT
2019-08-05,Cloudflare terminates 8chan as customer on  hate filled  content  CEO,WMT
2019-08-05,At U S  Mexico border  a bus becomes a school for migrant children in limbo,WMT
2019-08-05,Tesco to cut around 4 500 jobs in Metro restructuring,WMT
2019-08-04,Texas police seek clues to explain Walmart shooting that killed 20,WMT
2019-08-04,Multiple fatalities reported from shooting in Dayton  Ohio,WMT
2019-08-03,Police responding to active shooter in El Paso  Texas,WMT
2019-08-02,Walmart Filed Patent for Digital Coin Creation,WMT
2019-08-02,Walmart is Trying to Patent Its Own  Libra  Like Digital Currency,WMT
2019-07-26,Shaw  SJR  Down 3 3  Since Last Earnings Report  Can It Rebound ,WMT
2019-07-23,Britain s grocery sales fall for first time since June 2016  Kantar,WMT
2019-07-16,Walmart Chile reaches agreement with union workers to end six day strike,WMT
2019-07-16,Walmart  WMT  Stock Moves  0 21   What You Should Know,WMT
2019-07-15,Walmart Chile to resume talks with union amid strike,WMT
2019-07-10,Workers at Chilean Walmart retailers strike over wages,WMT
2019-07-09,UK shops suffer slowest growth on record in 12 months to June  BRC,WMT
2019-07-05,The Gold And Silver Uber Bull Run Is Upon Us,WMT
2019-07-04,Walmart says Mexico same store sales rise 4 7  in June,WMT
2019-07-02,Day Ahead  Top 3 Things to Watch,WMT
2019-07-01,Digital insights firm Contentsquare buys Israel s Clicktale,WMT
2019-07-01,Walmart to invest  1 2 billion in China over the next 10 years to upgrade logistics,WMT
2019-06-28,Shaw Communications  SJR  Q3 Earnings Beat  Revenues Up Y Y,WMT
2019-06-27,Rerun  Last TV plant in U S  again faces tariff extinction,WMT
2019-06-26,Walmart aims to list minority stake in Japan unit Seiyu,WMT
2019-06-25,Walmart China Will Track Food in Supply Chain with Vechain s Thor Blockchain,WMT
2019-06-25,Britain s Sainsbury s underperforms rivals again in latest data  Kantar,WMT
2019-06-24,Walmart in Mexico launches grocery orders via WhatsApp,WMT
2019-06-23,IMKTA Vs  WMT  Which Stock Is The Better Value Option ,WMT
2019-06-21,Trump Says He s Weighing Democrats  Plan for  15 Minimum Wage,WMT
2019-06-20,Walmart to pay  282 million to settle seven year global corruption probe,WMT
2019-06-20,Walmart to pay  144 million to settle SEC charge over Brazil unit corruption claim,WMT
2019-06-19,Explainer  Who pays Trump s tariffs  China or U S  customers and companies ,WMT
2019-06-14,Walmart  WMT  Up 7 7  Since Last Earnings Report  Can It Continue ,WMT
2019-06-14,Walmart s Flipkart  Indian startup settle dispute over sharp discounting,WMT
2019-06-13,Tesco Suffers From Weak U K  Market,WMT
2019-06-13,Consumer Staples ETFs Red Hot  Will The Rally Last ,WMT
2019-06-10,U S  firearms distributor files bankruptcy as gun sales fall under Trump,WMT
2019-06-07,Walmart  concerned  U S  tariffs will raise Mexican fresh produce prices,WMT
2019-06-07,Why Is National Vision  EYE  Down 4 7  Since Last Earnings Report ,WMT
2019-06-06,Advent s latest fund raises  17 5 billion  exceeds target,WMT
2019-06-05,IMKTA Vs  WMT  Which Stock Should Value Investors Buy Now ,WMT
2019-06-04,Reckitt Benckiser to invest  200 million in UK  U S  units this year,WMT
2019-06-03,Walmart appoints new head for its startup incubator Store No  8,WMT
2019-06-03,Walmart Follows Pfizer in Joining Blockchain Pharmaceutical Project MediLedger  Report,WMT
2019-05-29,Is Walmart  WMT  Stock Outpacing Its Retail Wholesale Peers This Year ,WMT
2019-05-27,Trump s  Easy  Trade War Hits Snags as China Plays the Long Game,WMT
2019-05-25,Trump s  Easy  Trade War Hits Snags as China Plays the Long Game,WMT
2019-05-24,The Increasingly Futile Quest to Lobby Against Trump s Tariffs,WMT
2019-05-23,Massmart warns on profit  names Walmart executive as new CEO,WMT
2019-05-22,Next round of U S  tariffs on China at least a month away  Mnuchin,WMT
2019-05-22,U S  decision on proposed tariff hikes is at least a month away  Treasury,WMT
2019-05-21,Who pays Trump s tariffs  China or U S  customers and companies ,WMT
2019-05-20,Deep State And Financial Powers Worry About Alternative Currencies,WMT
2019-05-20,Nike  Under Armour  among others  urge Trump to remove footwear from tariff list,WMT
2019-05-20,CBD Vs  WMT  Which Stock Is The Better Value Option ,WMT
2019-05-17,Fluid Situations As Global Markets Focus On Knowns Vs Unknowns,WMT
2019-05-17,Synchrony  SYF  Up 4 7  Since Last Earnings Report  Can It Continue ,WMT
2019-05-17,Pound Below  1 28 As Theresa May Prepares To Leave,WMT
2019-05-17,Daily Markets Broadcast For Friday 17  2019,WMT
2019-05-17,Stocks And Treasury Yields Rally On Strong Earnings And U S  Data,WMT
2019-05-17,Shares swoon as Beijing ramps up war of words,WMT
2019-05-17,Deere blames escalating trade war for worsening outlook,WMT
2019-05-16,Walmart Earnings Beat  Revenue Misses In Q1,WMT
2019-05-16,Walmart Rises 3 ,WMT
2019-05-16,Wal Mart s Mixed Q1 Results Drive Consumer ETFs Higher,WMT
2019-05-16,Near Breakeven For The Week After Third Day Of Gains ,WMT
2019-05-16,Walmart  WMT  Q1 Earnings Beat Estimates,WMT
2019-05-16,Opening Bell  Stocks Stage Rebound As Auto Tariff Delay Eclipses Huawei Ban,WMT
2019-05-16,Retail chiefs dismiss AI job threat  promise more training,WMT
2019-05-16,With inflation elusive  two Fed policymakers lay out a welcome mat,WMT
2019-05-16,U S  recession risk rises as U S  China trade tensions heat up  Reuters poll,WMT
2019-05-15,Spectacular Economic Data,WMT
2019-05-14,Walmart mulls stock market listing for UK arm Asda,WMT
2019-05-12,How The Trade War Will Affect U S  Citizens,WMT
2019-05-10,Walmart Brasil to ditch e commerce  focus on brick and mortar,WMT
2019-05-08,Earnings Preview  Walmart  WMT  Q1 Earnings Expected To Decline,WMT
2019-05-08,Why Is Shaw  SJR  Down 0 6  Since Last Earnings Report ,WMT
2019-05-02,Startups flock to Brazil s top farm show as sector boosts tech use,WMT
2019-05-02,Stocks Still Angry At The Fed ,WMT
2019-04-26,Walmart Falls 4 ,WMT
2019-04-23,CBD Or WMT  Which Is The Better Value Stock Right Now ,WMT
2019-04-18,Exclusive  Advent readies new  2 2 billion Latam private equity fund   sources,WMT
2019-04-18,South Africa s Shoprite cuts chairman Wiese s voting influence,WMT
2019-04-09,Walmart  WMT  Stock Moves  0 54   What You Should Know,WMT
2019-04-09,Shaw Communications  SJR  Q2 Earnings Beat  Revenues Down Y Y,WMT
2019-04-02,Asda overtakes suitor Sainsbury s to become UK s No  2 supermarket  Kantar,WMT
2019-04-01,Avocado shortages  virgin margaritas  Border shutdown would hit American palates,WMT
2019-03-28,Why Is National Vision  EYE  Down 7  Since Last Earnings Report ,WMT
2019-03-24,Have 2019 S P 500 Earnings Estimates Been Reduced Too Much ,WMT
2019-03-22,Walmart  WMT  Stock Moves  0 79   What You Should Know,WMT
2019-03-20,Cooper Companies   COO  CooperVision Gains Momentum Globally,WMT
2019-03-20,Walmart  WMT  Down 1 2  Since Last Earnings Report  Can It Rebound ,WMT
2019-03-18,Walmart Japan s new CEO  Seiyu  absolutely  not for sale,WMT
2019-03-14,Walmart says it has reached deal with Mexican union  averting strike,WMT
2019-03-13,Walmart to introduce tablet under its ONN store brand  Bloomberg,WMT
2019-03-12,Why Is Meredith Corporation  MDP  Up 6 4  Since Last Earnings Report ,WMT
2019-03-11,Is Walmart  WMT  Outperforming Other Retail Wholesale Stocks This Year ,WMT
2019-03-10,The Zacks Analyst Blog Highlights  Ensign  Air China And Wal Mart De Mexico,WMT
2019-03-07,Funko  The Children s Place  Dick s  Walmart And Foot Locker Highlighted As Zacks Bull And Bear Of The Day,WMT
2019-03-07,Rent the Runway and West Elm partner to rent customers home decor,WMT
2019-03-05,Trump to nominate federal prosecutor Jessie Liu for No  3 Justice Department post,WMT
2019-02-25,Top Stock Pick For The Week Of February 25  2019,WMT
2019-02-25,Group of Walmart Mexico workers threatens strike for higher pay,WMT
2019-02-24,KR Vs  WMT  Which Stock Should Value Investors Buy Now ,WMT
2019-02-20,Cautious Trading Ahead Of Fed Minutes,WMT
2019-02-20,Has Walmart  WMT  Outpaced Other Retail Wholesale Stocks This Year ,WMT
2019-02-20,Opening Bell  U S  Futures Weak Ahead Of Fed Minutes  Gold Shines  Yuan Pops,WMT
2019-02-20,Most U S  Indices Extended Gains Following Trade Developments,WMT
2019-02-20,Shaw Communications  High Yield Canadian Stock Paying Monthly Dividends,WMT
2019-02-20,Markets Higher Awaiting Fed Minutes For Signs Of More Dovish Rhetoric,WMT
2019-02-20,A Golden Day For Sterling ,WMT
2019-02-20,Walmart Falls 3 ,WMT
2019-02-20,MarketPulse Europe   Sainsbury s Asda Deal Crushed by Regulator,WMT
2019-02-19,U S  Stocks Pare Losses  Treasuries Edge Higher  Markets Wrap,WMT
2019-02-19,Wal Mart s Solid Q4 Results Drive Consumer ETFs Higher,WMT
2019-02-19,Euro And Pound Gain Following The Strength Of The Yuan,WMT
2019-02-19,Walmart Rises 3 ,WMT
2019-02-18,Walmart  WMT  Q4 Earnings   Sales Increase Year On Year,WMT
2019-02-15,Optimism Has Its Limits as Trade Worries Resurface,WMT
2019-02-15,Advance Auto Parts  AAP  To Post Q4 Earnings  What s In Store ,WMT
2019-02-15,Fleeing Honduras  family stakes its future on asylum in the U S ,WMT
2019-02-13,Will Higher Revenues Drive Sprouts Farmers   SFM  Q4 Earnings ,WMT
2019-02-13,Product Expansion To Aid Applied Materials  AMAT  Q1 Earnings,WMT
2019-02-12,Why Is Shaw  SJR  Up 2 1  Since Last Earnings Report ,WMT
2019-02-11,Walmart  WMT  Expected To Beat Earnings Estimates  Can The Stock Move Higher ,WMT
2019-02-11,Home services site Handy has furniture assembly deal with Crate and Barrel,WMT
2019-02-09,Shoplifter extortion case against Walmart  other retailers is dismissed,WMT
2019-01-31,PayPal s  PYPL  Earnings Top Estimates In Q4  Revenues Miss,WMT
2019-01-20,Will Walmart  WMT  Beat Estimates Again In Its Next Earnings Report ,WMT
2019-01-17,Ex Trump lawyer  rigging polls  was at the direction of  Trump,WMT
2019-01-15,Company News For Jan 16  2019,WMT
2019-01-15,Walmart opts to leave CVS partnerships over pricing dispute,WMT
2019-01-14,Bangladesh garment workers stage protests  say pay rise insufficient,WMT
2019-01-14,Walmart  WMT  Gains As Market Dips  What You Should Know,WMT
2019-01-09,Spanish startup Glovo to raise funds for new Latam tech center,WMT
2018-12-26,Walmart Rises 3 ,WMT
2018-12-24,Walmart  WMT  Stock Moves  1 5   What You Should Know,WMT
2018-12-20,Walmart Falls 3 ,WMT
2018-12-20,Stock Market News For Dec 21  2018,WMT
2018-12-18,Walmart  WMT  Outpaces Stock Market Gains  What You Should Know,WMT
2018-12-18,Trump bans  bump stocks  used in Las Vegas mass shooting,WMT
2018-12-17,UK police evacuate Asda supermarket in southern England,WMT
2018-12-14,Walmart  WMT  Down 7 7  Since Last Earnings Report  Can It Rebound ,WMT
2018-12-12,As Modi takes a beating at Indian polls  small parties see big chance,WMT
2018-12-06,Walmart  WMT  Dips More Than Broader Markets  What You Should Know,WMT
2018-12-04,Walmart Falls 3 ,WMT
2018-12-04,Tesco questions Sainsbury Asda deal,WMT
2018-11-29,Walmart  WMT  Stock Moves  0 17   What You Should Know,WMT
2018-11-27,Race  Trump factors in final U S  Senate race of 2018  in Mississippi,WMT
2018-11-23,Top 5 Things to Know in the Market on Friday,WMT
2018-11-20,Sainsbury s Asda deal could hurt farmers  says union,WMT
2018-11-20,Walmart Falls 3 ,WMT
2018-11-20,Mississippi Republican senator apologizes for  hanging  comment,WMT
2018-11-20,A Sumptuous ETF Meal For Thanksgiving  ,WMT
2018-11-19,Walmart  WMT  Stock Moves  0 93   What You Should Know,WMT
2018-11-16,IFOREX Daily Analysis Europe Slips Amid  Risk Off  Sentiment On Brexit Nightmare,WMT
2018-11-15,Ford CEO open to investors in autonomous vehicles but cautious on VW,WMT
2018-11-15,Walmart Reports Better than Expected Third Quarter Profit,WMT
2018-11-15,U S  retail sales rebound  but consumer spending slowing,WMT
2018-11-14,Economic   Earnings Data To Watch For,WMT
2018-11-14,Bain Capital Backs  2 25 Million Round for Bitcoin Rewards Startup Lolli,WMT
2018-11-14,Walmart  WMT  Tops Q3 Earnings And Revenue Estimates,WMT
2018-11-14,Big Data  Jobless Claims  Import Exports  Retail Sales  Plus WMT Q3   More,WMT
2018-11-13,UK discounters enter Christmas period with sales momentum  Kantar Worldpanel,WMT
2018-11-13,Flipkart CEO Bansal resigned after sexual misconduct claim  source,WMT
2018-11-12,The Zacks Analyst Blog Highlights  Tilray  Walmart And NVIDIA,WMT
2018-11-11,3 Stocks To Watch In The Coming Week  Macy s  Walmart  Nvidia,WMT
2018-11-09,Really Smart Blockchain Investors Are Doing This,WMT
2018-11-09,Upcoming Earnings To Watch  TLRY  WMT  NVDA,WMT
2018-11-08,Don t Bet On A Rollback From Walmart Stock This Holiday Season ,WMT
2018-11-07,Walmart  WMT  Earnings Expected To Grow  What To Know Ahead Of Next Week s Release,WMT
2018-11-07,Walmart  WMT  Gains But Lags Market  What You Should Know,WMT
2018-10-31,Walmart India to spend  500 million to open 47 stores  report,WMT
2018-10-26,Walmart  Michigan retirement fund reach  160M settlement,WMT
2018-10-25,StoneCo shares pop 33 percent in debut  hits  9 billion valuation,WMT
2018-10-24,What Minimum Wage Foes Got Wrong About Seattle,WMT
2018-10-23,Israel s Team8 launches  85 million cybersecurity and data fund,WMT
2018-10-23,Walmart expands free shipping offer,WMT
2018-10-22,Alibaba s Ant Financial Joins Warren Buffett in Hot Brazil Fintech IPO,WMT
2018-10-22,4 Trade Ideas For Walmart  Bonus Idea,WMT
2018-10-16,Walmart Cuts Full Year Earnings Guidance,WMT
2018-10-15,Cannabis college  Canadian students learn to grow pot,WMT
2018-10-12,Walmart to buy online intimates retailer Bare Necessities,WMT
2018-10-12,Forex Trading During Earnings Season,WMT
2018-10-09,Walmart Canada exploring possible sale of cannabis based products,WMT
2018-10-05,Dollar Dwellings,WMT
2018-09-28,U S  consumer spending rises  monthly inflation moderates,WMT
2018-09-28,U S  China trade war triggers seafood supply chain shake up,WMT
2018-09-26,Chile government approves construction of Walmart distribution center,WMT
2018-09-25,Bitcoin Falls  as XRP Tumbles ,WMT
2018-09-25, Walmart Requires Blockchain Adoption by Leafy Greens Suppliers to Ensure Food Safety ,WMT
2018-09-20,Trump s latest tariffs are about to hit you where it really hurts,WMT
2018-09-20,Walmart warns Trump tariffs may force price hikes  letter,WMT
2018-09-19,Britain s Tesco takes on discount rivals with new Jack s chain,WMT
2018-09-13,Sears  same store sales losses narrow but warns it may go out of business,WMT
2018-09-13,Bangladesh raises wages for garment workers,WMT
2018-09-01,Walmart s Latest Blockchain Patent Lets Robots Conduct Deliveries Across Supply Chain,WMT
2018-08-27,Advent to invest  485 million in Walmart operations in Brazil,WMT
2018-08-24,Hurricane Lane lashes Hawaii with heavy rain  winds,WMT
2018-08-22,New Blockchain ETF to Begin Trading In September On Canadian Exchange,WMT
2018-08-20,Technically Speaking For The Week Of August 13 17,WMT
2018-08-17,Walmart asks some beauty suppliers to consider sourcing outside of China,WMT
2018-08-17,Markets Rally As China and the US Go Back to the Table,WMT
2018-08-17,U S  Stocks Update  Retail Wretches,WMT
2018-08-16,Walmart Rises 10 09  in Earnings Season,WMT
2018-08-16,Walmart Gains  Market Cycles Point Higher,WMT
2018-08-16,Walmex to enter newly opened Mexican retail fuel market,WMT
2018-08-16,Walmart is surging after earnings crush Wall Street expectations,WMT
2018-08-13,VF to spin off Lee and Wrangler jeans into public company,WMT
2018-08-10, What is OmiseGO  OMG   A Payment Network with Ambitions to Abolish Bank Accounts ,WMT
2018-08-10,Lee  Wrangler owner VF Corp looks to exit denim business  WSJ,WMT
2018-08-09,Wrong Tommy Fleetwood received Open winnings,WMT
2018-08-08,China s Dada JD Daojia raises  500 million from Walmart  JD com,WMT
2018-08-03,Hundreds line up for gushing West Texas oil jobs,WMT
2018-08-03, Walmart Seeks 3 New Blockchain Related Patents  USPTO Files Show ,WMT
2018-08-02,Recent Walmart Patent Application Describes Blockchain Managed Smart Appliances,WMT
2018-07-27,Sprint expanding into 700 Walmart stores,WMT
2018-07-26,In Honduras  a father awaits news of the son U S  officials took from him,WMT
2018-07-25,Reunited family s next challenge  fighting for U S  asylum,WMT
2018-07-17, Pundi X to Roll Out Bitcoin Payment Among Hong Kong Retailers ,WMT
2018-07-16,4 Trade Ideas For Walmart  Bonus Idea,WMT
2018-07-14,NASCAR notebook  Knaus touts Johnson s  patience  for team s success,WMT
2018-07-12,As  foreign  economic advisers leave  a protectionist India returns,WMT
2018-07-11, Majority of Fortune 500 Companies Eye Blockchain Projects   NKB Group ,WMT
2018-07-10,Walmart s Jet com to offer same day delivery in NYC,WMT
2018-07-10,China Has Arsenal of Non Tariff Weapons to Hit Back at Trump,WMT
2018-07-04,Walmart pulls anti Trump clothing from website,WMT
2018-07-03,Trump supporters urge Walmart boycott over  Impeach 45  clothing,WMT
2018-07-03,U S  corporate bond market braces for flood of supply from M A wave  Bloomberg,WMT
2018-07-02,Few Indian shopkeepers turn up for protests against Walmart s Flipkart deal,WMT
2018-06-29,Investors hopeful Mexico s Lopez Obrador will veer to the center,WMT
2018-06-28,Walmart rolls out 3D virtual online shopping,WMT
2018-06-26,Will Consumer ETFs Lose Momentum On Trump Tariffs ,WMT
2018-06-26,UK s Sainsbury s falls behind rivals with dip in sales  Kantar Worldpanel,WMT
2018-06-22,Walmart Advent deal gets Brazil antitrust nod,WMT
2018-06-12,Trade Policies  Alliances And The U S    North Korea Summit In Singapore ,WMT
2018-06-08,Stewing about Trump  California tech group bets on distant  purple  candidates,WMT
2018-06-06,Wal Mart settles discrimination lawsuit by transgender worker,WMT
2018-05-27,The End Of Stimulus   And The Start Of The Crash  ,WMT
2018-05-25,Half of Walmart s workforce are part time workers  labor group,WMT
2018-05-24,The next frontier in workplace wellness  financial health,WMT
2018-05-18,Trade War Fears Overshadow Oil At  80  FTSE Down,WMT
2018-05-18,The Smartest Way To Profit From The Internet Of Money,WMT
2018-05-17,iFOREX Daily Analysis   May 17 2018,WMT
2018-05-17,Pound Bounces On Brexit News  Italian Politics Also On The Watchlist,WMT
2018-05-17,Oil surge keeps Wall Street s losses in check,WMT
2018-05-17,Wal Mart s Solid Q1 Results Put These ETFs In Focus,WMT
2018-05-17,Walmart s  WMT  Q1 Earnings   Revenues Beat On Estimates,WMT
2018-05-16,How To Play The Surge In Global M A With ETFs,WMT
2018-05-16,Stock Market News For May 17  2018,WMT
2018-05-16,Day Ahead  Top 3 Things to Watch ,WMT
2018-05-14,Will Q1 Earnings Bring More Pain For Wal Mart ETFs ,WMT
2018-05-14,S P 500 And NASDAQ 100 Analysis  May 14  2018,WMT
2018-05-14,iFOREX Daily Analysis   May 14 2018,WMT
2018-05-11,iFOREX Daily Analysis   May 11 2018,WMT
2018-05-10,Sainsbury s and Asda Joining Forces Against Discounters ,WMT
2018-05-10,iFOREX Daily Analysis   May 10 2018,WMT
2018-05-09,Stock Market News For May 10  2018,WMT
2018-05-09,CalSTRS opts to engage assault weapon retailers  not immediate divestment,WMT
2018-05-07,Soft Comps To Hurt Noodles   Company  NDLS  In Q1 Earnings,WMT
2018-05-07,Walmart to restrict opioid dispensing at its pharmacies,WMT
2018-05-02,U S  judge approves gun maker Remington s bankruptcy plan,WMT
2018-05-01, We re in the Money   Sainsbury s CEO filmed singing after Asda deal,WMT
2018-05-01,Merger partners Sainsbury s and Asda lag rivals  Kantar,WMT
2018-04-30,How Goldman Sachs  UBS  and more reacted to Walmart s  10 billion  Black Swan  deal to sell Asda,WMT
2018-04-30,Stocks   Wall Street Moves Higher as McDonald s  M A Boost Sentiment,WMT
2018-04-30,It s Merger Monday,WMT
2018-04-24,Walmart Is Ready To Use Blockchain For Its Live Food Business,WMT
2018-04-18,Electrify America signs deal with Walmart,WMT
2018-04-17,Exclusive  Chinese exporters concerned about U S  China trade spat   survey,WMT
2018-04-17,Bearish Signals On Wal Mart,WMT
2018-04-10,From housing projects to TV  Tracy Morgan gets his Hollywood star,WMT
2018-04-09,What Will A Trade War Do To Wall Street ,WMT
2018-04-09,Trump s Trade War With China And Gold Market Implications,WMT
2018-04-04,Walmart opens first small high tech supermarket in China,WMT
2018-04-04,U S  teachers face tough choice  Love of the job or living wage,WMT
2018-04-03,MoneyGram and Walmart launch new service,WMT
2018-04-03,GM to drop monthly U S  vehicle sale reports,WMT
2018-04-02,Santa Comes In April For Dip Buyers Of This Miner ,WMT
2018-03-27,6 Reasons Why Total System  TSS  Holds Promise For Investors,WMT
2018-03-27,In China payment war  Walmart places bet on Tencent,WMT
2018-03-27,Walmart cozies up to Tencent in China,WMT
2018-03-25,Mexico s Chedraui buys Fiesta Mart to grow U S  Latino sales,WMT
2018-03-21, China s C Bank Boasts Most Blockchain Patents in 2017 ,WMT
2018-03-19,Kroger s Fred Meyer unit to exit firearms sales,WMT
2018-03-18, Endor Rises to Create the  Google  of Predictive Analytics ,WMT
2018-03-15,Green Crack  Blue Dream  Gorilla Glue  The problem of pricing pot,WMT
2018-03-15,Judge denies report  says AT T Time Warner trial begins Monday,WMT
2018-03-08,M S boss Rowe  new chairman Norman see eye to eye on strategy,WMT
2018-03-07,U S  investors wanting out of gun stocks find it s not so easy,WMT
2018-03-07,Total System  TSS  To Implement Payment Solution At Walmart,WMT
2018-03-05,Company News For Mar 6  2018,WMT
2018-03-05,Analysts positive on Strayer Education,WMT
2018-03-04,Walmart Tags The Daily 200 Moving Average  Signals Strong Buy,WMT
2018-03-04,ISM A Leading Indicator  Of What ,WMT
2018-03-02,L L  Bean joins Kroger  Walmart in raising minimum age for gun sales,WMT
2018-03-02,Vista Outdoor  9  as co ops halt brand sales over gun stance,WMT
2018-03-01,Gunmaker Stocks Rebound As Corporate Pressure Rises,WMT
2018-03-01,Kroger  KR  Stock Gains On Gun Sales Announcement,WMT
2018-03-01,Forex   USD JPY Turns Negative as US Tariffs Trigger Risk Off Sentiment,WMT
2018-03-01,Kroger joins Walmart  Dick s  raises minimum age for gun buyers to 21,WMT
2018-02-28,Walmart raises minimum age for buying firearms,WMT
2018-02-26,Sheriff faces mounting criticism over Florida school massacre,WMT
2018-02-25,Look For More Volatility As Stocks Set To Extend Bounce Then Fail ,WMT
2018-02-22,Play That Funky Market  ,WMT
2018-02-21,Asian Stocks Higher  Hang Seng Outperforms,WMT
2018-02-21,Here s Where I ll Buy War Mart ,WMT
2018-02-21,iFOREX Daily Analysis   February 21 2018,WMT
2018-02-21,Earnings And UK Wage Data To Drive Trading,WMT
2018-02-21,Is Macy s  M  Set To Beat Earnings Estimates Next Week ,WMT
2018-02-20,Stocks Follow Walmart Lower ,WMT
2018-02-20,Don t Rush Into Walmart Just Yet,WMT
2018-02-20,Asian Stocks Trade Flat As U S  Shares Retreat  Treasury Yields Rise,WMT
2018-02-20,Short End Treasuries Fall  Asia Stocks Fluctuate  Markets Wrap,WMT
2018-02-20,How To Invest With Confidence ,WMT
2018-02-20,Asia Stocks to Drop  Dollar Gains as Yields Rise  Markets Wrap,WMT
2018-02-19,Alibaba  Tencent rally troops amid  10 billion retail battle,WMT
2018-02-16,Cuban comedian denounces discriminatory policies  attitudes on island,WMT
2018-02-09,As Trump attacks U S  law enforcement  another top official quits,WMT
2018-02-07,Britain s Tesco faces record  5 6 billion equal pay claim,WMT
2018-02-06,Deduction scramble helped drive U S  wave of tax bonuses  experts,WMT
2018-02-02,Jobs Report Cements Fed Rate Hike as Wage Inflation Returns,WMT
2018-02-02,Blue Apron mentioned as potential Walmart target,WMT
2018-01-29,Few U S  adults report bonuses  raises from Republican tax law,WMT
2018-01-26,S P 500  Enjoy The Ride  But Stay Paranoid,WMT
2018-01-23,Wal Mart may have to unload stake in Brazilian unit at discount,WMT
2018-01-23,Trump s pick to head FDIC vows to address non bank licenses  hold up ,WMT
2018-01-22,Walmart shopping Brazil unit stake,WMT
2018-01-21,Wal Mart shops Brazil unit stake to Advent  other funds  sources,WMT
2018-01-16,Top Walmart executive to be appointed International CEO  source,WMT
2018-01-14,Drivers And Views  A Busy Week Ahead For Markets,WMT
2018-01-14,U S  Indices Reach New All Time Highs This Week,WMT
2018-01-12,Walmart outlines Sam s Club strategy,WMT
2018-01-09,Tesco top in UK Christmas trading battle  Kantar Worldpanel,WMT
2018-01-08,U S  lawsuit says Wal Mart deceived buyers of organic eggs,WMT
2018-01-04,PriceSmart misses by  0 11  beats on revenue,WMT
2017-12-27,Ring In 2018 With These 4 Retail Stocks For Great Returns,WMT
2017-12-18,Bitcoin Is Now Worth More Than Wal Mart  The Entire Company ,WMT
2017-12-08,Retailers  December imports to rise on last minute restocking  NRF,WMT
2017-12-08,Mad dash by Walmart into holidays,WMT
2017-12-06,Wal Mart drops Stores from name to shed brick and mortar image,WMT
2017-12-05,Wal Mart to integrate physical  online units in Brazil,WMT
2017-12-04,3 Stocks With Upgraded Broker Ratings Worth Investing Now,WMT
2017-11-30,Kroger  KR  Catches Eye  Stock Jumps 6 1 ,WMT
2017-11-27,A Blustery Black Friday For The Greenback,WMT
2017-11-23,Which Retailers Will Profit The Most From Thanksgiving Shopping   ,WMT
2017-11-21,Auchan Alibaba deal turns up the heat on Carrefour in China,WMT
2017-11-20,Alibaba goes offline with  2 9 billion stake in China s top grocer,WMT
2017-11-19,Wal Mart Stores Stock Makes All Time Highs After Earnings Report,WMT
2017-11-19,Bullish Market Continues As Internal Deterioration Builds,WMT
2017-11-17,Square s Bitcoin Bet  Retail Survivors    Walmart Earnings,WMT
2017-11-17,iFOREX Daily Analysis   November 17 2017,WMT
2017-11-17,Time For High Beta   Momentum ETFs ,WMT
2017-11-17,Top 5 Things That Moved Markets This Past Week,WMT
2017-11-17,US Stocks Rebound As House Approves Tax Plan,WMT
2017-11-16,Asian Shares Mostly Gain As Nikkei 225 Edges Higher On Toyota News,WMT
2017-11-16,U S  industrial output surges as hurricane related disruptions fade,WMT
2017-11-16,Earnings power Wall Street rally  tax vote supports,WMT
2017-11-16,Erasing Two Pullbacks With One Vote ,WMT
2017-11-16,WalMart  WMT  Soars  Stock Adds 10 9  In Session,WMT
2017-11-16,Wal Mart Stores Inc Q3 F2018 Earnings  Outlook Boost Shares ,WMT
2017-11-15,Wal Mart  WMT  Q3 Earnings   Sales Beat Zacks Consensus ,WMT
2017-11-15,Is A Beat In The Cards For Burlington  BURL  In Q3 Earnings ,WMT
2017-11-15,Factors Setting The Tone For Signet  SIG  In Q3 Earnings,WMT
2017-11-14,Why Earnings Season Could Be Great For Wal Mart Stores  WMT ,WMT
2017-11-14,Does This Stock Chart Predict Trouble For WMT Earnings,WMT
2017-11-11,SPX Earnings Update  Forward 4 Q Estimate Continues To Climb,WMT
2017-11-09,Wal Mart gears up to compete on Black Friday,WMT
2017-11-09,Kenya s Nakumatt supermarket chain foiled by explosive growth,WMT
2017-11-06,Colorado man charged with murder in suburban Denver Walmart shooting,WMT
2017-11-03, Nonchalant  suspect arrested after Colorado Walmart triple slaying,WMT
2017-11-02,At least three dead in shooting inside suburban Denver Walmart,WMT
2017-11-01,Wal Mart triples online items  lowers prices as holiday season kicks in,WMT
2017-11-01,Walmart just unveiled its multipronged plan to win the holiday season,WMT
2017-10-26,Retailers  holiday sales seen marred by Sears Canada liquidation,WMT
2017-10-18,JD com makes Singles Day moves in teaming with Tencent  Wal Mart,WMT
2017-10-11,European Stocks Move Higher Alongside Euro,WMT
2017-10-11,IBEX Up Before Rajoy s Reaction  Fed Minutes In Focus ,WMT
2017-10-11,US Earnings Season Starts Today,WMT
2017-10-10,Oil Glut Lessens,WMT
2017-10-10,Wal Mart update includes new buybacks   3  growth forecast,WMT
2017-10-10,Highlights from Wal Mart s investment meeting,WMT
2017-10-06,Australians give up 51 000 illegal guns as govt stands by tough laws,WMT
2017-09-28,Can Rent A Center s Strategic Growth Plan Combat Comps Woes ,WMT
2017-09-24,Yowie Group  An Inflection Point After A Year Of Challenges   ,WMT
2017-09-21,What is at stake for Uber in U S  bribery probe ,WMT
2017-09-19,Wal Mart in the running for grocery chain in China,WMT
2017-09-13,Hurricanes Irma and Harvey cause Goldman Sachs to slash its outlook for the US economy,WMT
2017-09-07,Geopolitical And Natural Events Cause Market Confusion ,WMT
2017-09-07,Square moves to get into traditional banking,WMT
2017-09-01,Slowdown hit Indian economy counts costs of stronger rupee,WMT
2017-08-29,Wal Mart eyes  316 million in Brazil store reforms through 2019,WMT
2017-08-25,Yellen And Draghi Speeches Awaited,WMT
2017-08-24,Novartis picks retail expert for new role of digital chief,WMT
2017-08-24,Tuesday Morning misses by  0 11  misses on revenue,WMT
2017-08-21,Wal Mart expands online grocery delivery test,WMT
2017-08-20,Stocks Close Near Lows Amid Flow Of DC Woes,WMT
2017-08-20,Some 115 migrants rescued from truck in eastern Mexico   official,WMT
2017-08-18,Asian shares down across the board on U S  jitters,WMT
2017-08-18,Consumer ETFs In Focus On Wal Mart Earnings Beat,WMT
2017-08-17,U S  stocks lower as Cisco  Wal Mart weigh,WMT
2017-08-17,Wal Mart shares lower after company barely tops Q2 expectations,WMT
2017-08-17,Wal Mart s profit margins fall  quarterly outlook disappoints,WMT
2017-08-17,Washington s mounting woes push S P to biggest loss in three months,WMT
2017-08-16,Ulta Beauty  ULTA  Q2 Earnings  Is A Disappointment Likely ,WMT
2017-08-16,Will Soft Traffic Hurt American Eagle s  AEO  Q2 Earnings ,WMT
2017-08-16,Can President Trump Deliver On His Promises ,WMT
2017-08-16,Notable earnings before Thursday s open,WMT
2017-08-16,Trump   Big Business  Time For A Rethink ,WMT
2017-08-15,Should You Buy Wal Mart  WMT  Ahead Of Earnings ,WMT
2017-08-15,Wal Mart  Be Careful Heading Into Thursday s Earnings,WMT
2017-08-14,Bitcoin Cash  Smash Hit Or Trash It ,WMT
2017-08-14,China s JD com books wider quarterly loss on higher marketing costs,WMT
2017-08-13,JD com Stock Slides Despite Massive Quarterly Revenue Growth,WMT
2017-08-13,S P 500 Earnings  Forward 4Q Growth Rate At 9 87    5 Year High ,WMT
2017-08-02,Oppenheimer sees Wal Mart running to new high,WMT
2017-07-30,Mexico rescues 147 Central American migrants headed for U S ,WMT
2017-07-28,Walmart Chile workers vote to go on strike,WMT
2017-07-27,Knife wielding man kills three in work dispute in China,WMT
2017-07-26,Wal Mart proposes policy actions to boost U S  manufacturing,WMT
2017-07-25,Companhia Brasileira De Distribuicao  CBD  Q2 Sales Up Y Y,WMT
2017-07-24,Autos  airlines hit in sluggish start to European trading week,WMT
2017-07-24,U S  charges driver after dead discovered in stifling truck in Texas,WMT
2017-07-23,Death toll in suspected Texas human smuggling case rises to nine,WMT
2017-07-21,Premarket Gainers as of 9 05 am,WMT
2017-07-18,Trump Falling Short On Promise to Fix Trade Deficit,WMT
2017-07-18,Americans want U S  goods  but not willing to pay more  Reuters Ipsos poll,WMT
2017-07-17,Takata s bankruptcy to pit automakers against air bag victims,WMT
2017-07-16,Knife wielding man kills two in southern China Wal Mart  Xinhua,WMT
2017-07-13,Wal Mart heads higher after Target ups guidance,WMT
2017-07-12,Wal Mart gets aggressive with suppliers,WMT
2017-07-12,In Trump s Ohio bastion  supporters dismiss uproar over Donald Jr ,WMT
2017-07-12,Golf  U S  women s Open wide open in unpredictable season,WMT
2017-07-05,Wal Mart moves ahead with Bonobos add on,WMT
2017-06-26,Golf  Ryu reaches number one in world rankings shuffle,WMT
2017-06-25,Golf   Ryu projected to become world number one after Arkansas win,WMT
2017-06-24,Golf  Ryu seizes lead after sparkling 61 in Arkansas,WMT
2017-06-24,Golf  Park opens with 63 to take lead in Arkansas,WMT
2017-06-23,Wal Mart not considering bid for Whole Foods   Reuters,WMT
2017-06-13,What Aided Whole Foods  WFM  To March Ahead Of Its Industry,WMT
2017-06-11,Aldi fires  3 4 billion shot in U S  supermarket wars,WMT
2017-06-07,Carrefour board set to nominate Bompard as new CEO  sources,WMT
2017-06-06,Walmex says same store sales up 4 4 percent in May,WMT
2017-06-05,Stocks Rally Despite Miss  Trouble In The Middle East,WMT
2017-06-05,Bloomberg delivers U S  pledge to continue Paris climate goals to U N ,WMT
2017-05-21,Wal Mart  WMT  Sees Growth In Online Sales,WMT
2017-05-18,Wal Mart beats by  0 04  misses on revenue,WMT
2017-05-18,U S  stock index futures lower amid Trump turmoil ,WMT
2017-05-18,Solid results for Wal Mart in the U S ,WMT
2017-05-18,Wall Street rebounds after steepest selloff in months,WMT
2017-05-18,Wal Mart Q1 earnings beat estimates ,WMT
2017-05-18, U S  stocks rebound from Trump sell off  positive data provides backing,WMT
2017-05-18,Wall St steadies as political upheaval overhangs the market ,WMT
2017-05-17,Germany s Lidl to price groceries up to 50 percent below U S  rivals,WMT
2017-05-15,Wal Mart Earnings And The Next Housing Market Cooldown,WMT
2017-05-15,L Brands Vs  Buckle  Which Stock Looks Better Pre Earnings ,WMT
2017-05-12,Germany s Lidl prepares to enter U S  supermarket wars,WMT
2017-05-11,Wal Mart CEO to be questioned in U S  lawsuit over Mexican bribery,WMT
2017-05-10,Whole Foods  WFM  Q2 Earnings Meet  Sales Beat Estimates,WMT
2017-05-09,Wal Mart close to settlement with U S  over alleged bribery  report,WMT
2017-05-08,Things You Need To Know Before Whole Foods   WFM  Q2 Earnings,WMT
2017-05-05,M S pick of retail veteran Norman as chairman lifts shares,WMT
2017-05-03,Wal Mart seeks anti corruption certification  in talks with regulators,WMT
2017-05-03,Why Aldi Is The Grocery Store Of The Future,WMT
2017-05-02,M A watch  Wayfair seen as Wal Mart target,WMT
2017-04-30,Top Ranked Value Stocks To Buy For May 1st,WMT
2017-04-25,Top Ranked Income Stocks To Buy For April 26th,WMT
2017-04-24,Wal Mart e commerce investment arm names new retail startup CEO,WMT
2017-04-20,Wal Mart CEO s compensation rises to  22 4 million,WMT
2017-04-14,Japan s frugal households offer no respite for BOJ  retailers,WMT
2017-04-12,Software firm Qualtrics valued at  2 5 billion in new funding round,WMT
2017-04-12,U S  judge rejects Goldman Sachs  bid to narrow gender bias lawsuit,WMT
2017-04-12,Jana s call to overhaul Whole Foods supply chain has few takers,WMT
2017-04-11,Wal Mart eliminates more corporate jobs,WMT
2017-04-10,4 Ways To Trade Walmart,WMT
2017-04-09,Food fight  To beat China fakes  New Zealand and Australian produce firms raid tech larder,WMT
2017-04-09,Visa s  V  Digital Initiatives Gain On Checkout Expansion,WMT
2017-03-27,Strategist  Keep Calm  Tax Reform Is On Its Way,WMT
2017-03-22,Chinese supermarkets pull Brazil meat from shelves as food safety fears grow,WMT
2017-03-22,Walmart announces plan to invest  800 million in Chile,WMT
2017-03-20,Wal Mart to launch investment arm in e commerce push,WMT
2017-03-17,Wal Mart asks Brazil suppliers to clarify alleged bribes to officials,WMT
2017-03-16,Wal Mart supplier recalls U S  frozen pizzas over possible listeria,WMT
2017-03-14,The Fed Would Do A Big Favor For Trump By Raising Interest Rates,WMT
2017-03-05,With Trump As President  The FOMC Moves To Pop Their Bubble,WMT
2017-03-01,Investors Pile Into USD On Fed Bets,WMT
2017-03-01,Trump Promises Tax Cuts  Improved Jobs And Wages For Americans,WMT
2017-03-01,Trump s First Congressional Address Failed To Satiate Investors,WMT
2017-02-28,Kona beer is not from Hawaii  consumers say in lawsuit,WMT
2017-02-27,U S  judge dismisses case against Wal Mart over Mexico bribery,WMT
2017-02-22,Unilever Shares Recovered 1 09  After Retreating More Than 6 ,WMT
2017-02-22,Global Equities Rally Continues,WMT
2017-02-22,FTSE Rises On Energy  Bank Stocks,WMT
2017-02-21,Watch This Wal Mart Pattern,WMT
2017-02-21,You Can t Time The Market ,WMT
2017-02-21,Global stocks hit record highs  dollar rises on rate hike view,WMT
2017-02-21,The Rest Are Catching Up To Germany,WMT
2017-02-21,Wal Mart shares up more than 3   Q4 earnings beat estimates ,WMT
2017-02-21,Wal Mart Q4 earnings beat estimate  EPS  1 30 ,WMT
2017-02-15,iFOREX Daily Analysis   February 15 2017,WMT
2017-02-14,iFOREX Daily Analysis   February 14 2017,WMT
2017-02-12,Why Trade Deficit Is Not A Problem,WMT
2017-02-10,Aldi still thriving in UK  despite rivals  claims  says CEO,WMT
2017-02-08,Wal Mart aims to leverage British arm Asda back to health,WMT
2017-01-25,Judge denies  80 million penalty in Wal Mart truck drivers lawsuit  AP,WMT
2017-01-25,Yowie Group  Steady Course Through Choppy Waters ,WMT
2017-01-23,Shootout at Texas mall leaves one dead  seven wounded,WMT
2017-01-17,U S  stocks move lower as inauguration and Trump policy looms,WMT
2017-01-14,Major winter storm brings ice  freezing rain to central U S ,WMT
2017-01-10,Tesco emerges as Christmas winner as UK grocery inflation returns   Kantar,WMT
2017-01-10,Wal Mart plans to cut hundreds of jobs this month  WSJ,WMT
2017-01-10,Wal Mart told to pay pharmacist  16 08 million for gender bias  sum may drop,WMT
2017-01-09,Florida police officer fatally shot  deputy dies in manhunt,WMT
2017-01-08,Weekly Earnings Update  Last 3 Years  First Q Of Year Hasn t Been Kind,WMT
2017-01-08,Solid Christmas for UK supermarkets before uncertain 2017,WMT
2017-01-07,December Jobs Report,WMT
2017-01-06,Wal Mart unit Sam s Club CEO to retire next month,WMT
2016-12-30,Pork giant Smithfield skips middlemen in grain supply chain,WMT
2016-12-26,Wal Mart Stores Inc  Upgraded By Vetr Inc  To  Buy ,WMT
2016-12-18,Under threat in Washington  first lady s food legacy may live on elsewhere,WMT
2016-12-08,Sears Holdings posts loss for fifth straight quarter,WMT
2016-12-08,Walmart To Invest  1 3 Billion In Mexico  Adds 10 000 New Jobs,WMT
2016-12-07,Retailer Wal Mart de Mexico to invest  1 3 billion in Mexico,WMT
2016-12-02,Wal Mart to settle U S  lawsuit over benefits for same sex spouses,WMT
2016-12-01,Lower grocery prices  food stamp cuts hit Dollar General results,WMT
2016-12-01,Lower food prices weigh on Kroger s profit forecast,WMT
2016-11-30,Ohio State attacker may have been inspired by overseas militants  FBI says,WMT
2016-11-30,JBT  Grupo Televisa  GoPro  Target And Walmart Highlighted As Zacks Bull And Bear Of The Day ,WMT
2016-11-25,Shootings outside U S  stores on Black Friday leave two dead,WMT
2016-11-23,Wal Mart will offer Cyber Monday deals starting Black Friday,WMT
2016-11-23,Jury awards Wal Mart truck drivers  55 million in backpay,WMT
2016-11-22,A Spread Of Top Ranked ETFs For Thanksgiving And After,WMT
2016-11-17,Ahold s U S  stores hurt by Wal Mart s battle for supremacy,WMT
2016-11-17,Strategy at Wal Mart impresses amid some short term pain,WMT
2016-11-17,Wal Mart lifts bottom end of profit guidance,WMT
2016-11-16,Wal Mart on deck to spill numbers,WMT
2016-11-16,All Eye On Economic Data,WMT
2016-11-16,2 Supermarket Stocks To Bet On This Earnings Season,WMT
2016-11-16,Your Two Minute Earnings Preview For Wal Mart  WMT  Stock ,WMT
2016-11-15,Axel Springer s digital ads unit Bonial bets heavily on U S   CEO,WMT
2016-11-15,Should You Sell Wal Mart Stores  WMT  Before Earnings ,WMT
2016-11-15,Berkshire Hathaway Invests In Airlines During Third Quarter 2016,WMT
2016-11-12,Q4  16 Earnings Now Less Important  Next Year More About P E Expansion,WMT
2016-11-11,After Trump win  critic Buffett sees strong stocks  trade hurdles,WMT
2016-11-10,Walmart beefs up online inventory for Black Friday,WMT
2016-11-10,Wal Mart boosts online holiday inventory for Black Friday,WMT
2016-11-09,In bid for history  Clinton fails to reach the mountaintop,WMT
2016-11-07,Mexico s Walmex says October same store sales rise 10 8 percent,WMT
2016-11-07,HSN  10 4  to five year lows after Q3 earnings miss,WMT
2016-11-06,Fending off foes  Clinton blazes a trail with White House in sight,WMT
2016-11-02,Whole Foods  WFM  Beats On Q4 Earnings  Hikes Dividend,WMT
2016-10-25,Q A  How to keep a 127 year old family business alive,WMT
2016-10-24,Fashion brands ignore  endemic  abuse of Syrian refugees in Turkey  watchdog,WMT
2016-10-20,Wal Mart to invest  50 million in China online grocer New Dada,WMT
2016-10-13,Price rises help Unilever top sales forecasts but spark Tesco row,WMT
2016-10-11,Wal Mart ups entry level manager salaries ahead of overtime rule,WMT
2016-10-10,Competition Intensifies In The U S  Wireless Prepaid Market,WMT
2016-10-06,Dollar gains  gold loses luster amid robust U S  data,WMT
2016-10-06,Wal Mart down 3  after forecasting flat earnings next year ,WMT
2016-10-06,Wal Mart rejects settlement with U S  over alleged bribery  Bloomberg,WMT
2016-10-04,U S  retail group expects pickup in holiday sales,WMT
2016-09-30, Press 1 for child labor   Garment workers use cellphones to report abuses,WMT
2016-09-22,Canada s RioCan to step up investment in urban properties  CEO,WMT
2016-09-21,Protest erupts after police kill black man in North Carolina,WMT
2016-09-21,Wal Mart pays quarterly bonuses to more store employees,WMT
2016-09-21,Wal Mart must face U S  class action over alleged Mexican bribery,WMT
2016-09-19,Sears to shut 64 more Kmart stores  source,WMT
2016-09-15,Walmart Canada to extend Visa ban to more stores from October 24,WMT
2016-09-01,Wal Mart to cut 7 000 U S  store back office jobs,WMT
2016-08-26,Why The FTC Will Approve The Rite Aid Walgreens Merger,WMT
2016-08-25,Sears to take more debt from CEO s hedge fund  posts loss,WMT
2016-08-24,Puerto Rico cannot enforce a Wal Mart tax  U S  appeals court,WMT
2016-08-24,Western Union Hits 52 Week High On Solid Q2  Recent Deals,WMT
2016-08-22,Former China boom town learns hard lessons about service economy,WMT
2016-08-19,iFOREX Daily Analysis   August 19  2016,WMT
2016-08-19,U S  stocks flat as NASDAQ completes 8th straight week of positive gains,WMT
2016-08-18,Labor market firming  factories still struggling,WMT
2016-08-18,S P 500 Futures  Fed Minute Dip And Rip,WMT
2016-08-18,Wall  St edge lower in early trade as Fed divided on rate hike ,WMT
2016-08-18,World stock markets climb on labor data  oil gains,WMT
2016-08-18,U S stock index futures flat as U S  near term rate hike hopes eroded ,WMT
2016-08-18,Walmart Q2 EPS  1 07 vs  estimate  1 02 ,WMT
2016-08-17,Walmart Q2 EPS estimated at  1 02 on revenues of  120 2 bn ,WMT
2016-08-17,Walmart Up  Jobless Claims Down,WMT
2016-08-17,Is A Surprise Coming For Wal Mart Stores  WMT  This Earnings Season ,WMT
2016-08-15,Wal Mart  WMT  And Target  TGT  Stock Earnings Preview ,WMT
2016-08-12,US Manufacturing Jobs Lost To Robots Not Outsourcing ,WMT
2016-08-10,Is Wal Mart  WMT  The Best Stock For Back to School Season ,WMT
2016-08-10,China Based JD com  JD  Up 5  After Strong Q2 Earnings ,WMT
2016-08-09,Are The Bulls Unstoppable  ,WMT
2016-08-09,Top Stock Picks For The Week Of August 8th ,WMT
2016-08-08,Will Weakness In Watches Hurt Fossil s  FOSL  Q2 Earnings ,WMT
2016-08-08,Walmart to buy e commerce site Jet com for  3 bn ,WMT
2016-08-08,Wall St little changed to lower in early trade ,WMT
2016-08-07,Are Spending Habits Changing ,WMT
2016-08-04,In slap at Trump  some wealthy Republicans campaign for Clinton,WMT
2016-08-04,Wal Mart s new scheduling system looks to improve peak hour staffing,WMT
2016-08-03,U S  stocks post slight gains  as Dow halts seven day losing streak,WMT
2016-07-28,Whole Foods  WFM  Q3 Earnings In Line  Outlook Subdued,WMT
2016-07-27,Nutrisystem  NTRI  Beats Q2 Earnings   Sales   16 View Up,WMT
2016-07-22,Wal Mart beats shareholder appeal in Mexico bribery lawsuit,WMT
2016-07-20,Wal Mart identifies eight chemicals to be removed from products,WMT
2016-07-18,Wal Mart Stores  WMT  No Longer Accepts Visa  V  In Thunder Bay,WMT
2016-07-18,Walmart Canada stops taking Visa at some stores in fee dispute,WMT
2016-07-18,Exclusive  U S  and Chinese labor groups collaborated before China Wal Mart strikes,WMT
2016-07-15,Dollar General  DG  Forges Ahead  Be Part Of The Rally,WMT
2016-07-15,3 Stocks To Buy On A Strong Retail Sales Growth Report,WMT
2016-07-13,Kroger  KR  On Growth Track  Exhibits Operational Strength,WMT
2016-07-10,Sterling s fall could batter UK s fish   chips,WMT
2016-07-08,Striking Wal Mart workers in China return to work   for now,WMT
2016-07-07,Millions of SE Asian jobs may be lost to automation in next two decades  ILO,WMT
2016-07-06,Teen queens of women s golf to duel at U S  Women s Open,WMT
2016-07-06,Major Trouble For This Stock Ahead  Wal Mart Stores Inc,WMT
2016-06-29,Wal Mart heirs again top Forbes list of 25 richest U S  families,WMT
2016-06-28,4 Stocks Faring Well After The Brexit,WMT
2016-06-21,These Grocery Stocks Should Be On Your Radar,WMT
2016-06-21,Wal Mart rips up China online strategy  starts again with stake in Alibaba rival,WMT
2016-06-21,Kroger  KR  Exhibits Operational Strength  Hold The Stock ,WMT
2016-06-20,3 Discount Retail Picks To Add Value To Your Portfolio ,WMT
2016-06-20,How Wal Mart  WMT  Stock Stands Out In A Strong Industry,WMT
2016-06-20,Walmart  WMT  And JD com  JD  Strike Deal To Capitalize On Chinese Market ,WMT
2016-06-16,Wal Mart targets new sales of up to  60 billion by 2019  CEO,WMT
2016-06-16,U S  lawsuit against seafood importers makes claims of human trafficking,WMT
2016-06-16,After Kroger  KR  Earnings  Should You Buy Grocery Stocks  ,WMT
2016-06-14,What s Behind Conns  Stock Fall Of 27  Thus Far In June ,WMT
2016-06-14,Police fatally shoot armed hostage taker at Texas Walmart,WMT
2016-06-13,Wal Mart Or Wal Mart De Mexico  Which Should You Bet On ,WMT
2016-06-10,Wal Mart wage hike to  15 an hour would cost it  4 95 billion  study,WMT
2016-06-08,Conns Posts Dismal May Comps  Delinquency Data  Stock Up,WMT
2016-06-08,China commerce ministry removes curbs on Wal Mart s Yihaodian deal,WMT
2016-06-08,KHC  One Of Warren Buffett s Biggest Stocks In Focus,WMT
2016-06-05,As The Markets Begin To Crack  Investors Need To See These 2 Charts ,WMT
2016-06-02,Rite Aid Opens New SC Distribution Center  Growth On Track,WMT
2016-06-02,Fred s  FRED  May Comps Decline 0 4  And Sales Slip 1 ,WMT
2016-05-26,Fred s  Inc   FRED  Q1 Earnings Beat  Sales Lag Estimates,WMT
2016-05-26,McDonald s CEO says  15 hourly wage  robots won t kill jobs,WMT
2016-05-25,Hundreds protest in downpour at shut McDonald s headquarters,WMT
2016-05-24,Wal Mart Moves Into The Gap,WMT
2016-05-23,Stable Forward Energy Estimates Could Signal SPX Earnings Bottom,WMT
2016-05-23,Gold Rejoins The Battle,WMT
2016-05-23,Walmart Stock Trading Higher On Earnings Report,WMT
2016-05-19,U S  economic data point to second quarter GDP rebound,WMT
2016-05-19,Wal Mart Stores  WMT Stock Surging On Strong Q1 Results,WMT
2016-05-19,Wal Mart Q1 Bucks Weak Retail Trend  ETFs To Surge,WMT
2016-05-19,Wal Mart   s  WMT  Q1 Earnings   Revenue Beats,WMT
2016-05-19,U S  stocks fall sharply despite Wal Mart s surge  as Fed hike looms,WMT
2016-05-19,Wal Mart surges 8  in pre market trade after Q1 earnings beat,WMT
2016-05-19,No pain  no gain  M S boss to map out rocky road to recovery,WMT
2016-05-18,Positive Wal Mart Earnings Offset Fed Drag,WMT
2016-05-18,Will The Fed Raise Rates In June  Outlook Uncertain,WMT
2016-05-17,Activist Livermore wants board changes at Entertainment One,WMT
2016-05-17,Conceivex Partners With ZacksInvest For Growth Capital Campaign,WMT
2016-05-15,Wal Mart Wins As Judge Dismisses Mexico Bribery Lawsuit,WMT
2016-05-13,Trump s about face on fund raising seems unlikely to dent his popularity,WMT
2016-05-10,Wal Mart sues Visa for resisting use of PIN based transactions,WMT
2016-05-09,Shares in Asia gain as China price data aids sentiment,WMT
2016-05-09,Gold And Silver Stressed By Their Test,WMT
2016-05-08,Supermarket Stocks To Post Q1 Earnings On May 10  JRONY  CBD,WMT
2016-05-05,Whole Foods  WFM  Tops Q2 Earnings  Misses On Revenues,WMT
2016-05-05,South Africa extends regulatory scrutiny of SAB  AB InBev for fifth time ,WMT
2016-05-04,Whole Foods protects profits in second quarter as it cuts prices,WMT
2016-04-20,Wal Mart shrinks board to 12  founder s son to retire,WMT
2016-04-20,Wal Mart CEO pay rises slightly to  19 8 million  filing,WMT
2016-04-13,US Retail Sales Tumbled In March,WMT
2016-04-06,HSBC  RBS and Barclays plan to close 400 UK branches this year  sources,WMT
2016-04-05,Wal Mart to switch to cage free egg supply chain by 2025,WMT
2016-04-05,Oil glut up close  How Cushing copes with full crude tanks,WMT
2016-04-03,What New Economic Recovery  ,WMT
2016-03-28,U S  court shoots down Puerto Rico tax on Wal Mart,WMT
2016-03-22,Wal Mart jumps into milk processing  hits Dean Foods  stock,WMT
2016-03-18,U S  probe on Wal Mart finds little sign of bribery in China  Bloomberg ,WMT
2016-03-17,A 2nd Chance To Buy Wal Mart,WMT
2016-03-15,Wal Mart Japan to focus on remodeling stores  no plans to exit market,WMT
2016-03-11,U S  stocks close higher for fourth straight week  as oil triggers surge,WMT
2016-03-09,Bad Logic On US Trade Deficit,WMT
2016-03-06,British retailers invite rival brands to fill their empty spaces,WMT
2016-02-26,Yowie Group   Walmart Alliance Drives Revenue ,WMT
2016-02-23,British business bosses say exit from EU would hit economy and jobs,WMT
2016-02-22,Here s What Could Go Right In Markets Over The Next 6 9 Months,WMT
2016-02-21,Q A With Mr  Silver Market,WMT
2016-02-19,iFOREX Daily Analysis   19 02 2016,WMT
2016-02-19,Walmart And The Beauty Of Technical Analysis,WMT
2016-02-18,Wal Mart sinks more than 4  in pre market trade after Q4 results,WMT
2016-02-18,Dow futures climb 70 points as oil extends rally,WMT
2016-02-18, Wal Mart earnings beat  but revenue misses ,WMT
2016-02-18,U S  jobs market firming  manufacturing still on the ropes,WMT
2016-02-17,Inflation Doesn t Come From Seasonally Adjusted Employment,WMT
2016-02-17,Insight  Lost in translation   Wal Mart stumbles hard in Brazil ,WMT
2016-02-17,Wal Mart aims to improve scheduling for U S  workers  ,WMT
2016-02-12,Two teen girls found shot dead at school in Phoenix suburb,WMT
2016-02-04,Rising U S  layoffs hint at ebbing labor market momentum  ,WMT
2016-02-02,S P 500 Guidance For 2016  Little Reason To Be Bullish,WMT
2016-01-29,Amongst the Panic  Wells Fargo WFC Is A Bargain,WMT
2016-01-28,Jury orders Wal Mart to pay pharmacist  31 22 million in bias case,WMT
2016-01-25,Insight  Market rout could blow Fed off course if consumers blink,WMT
2016-01-21,Wal Mart strikes lawful  must reinstate workers  NLRB judge,WMT
2016-01-20,Wal Mart to hike pay for 1 2 million workers in 2016,WMT
2016-01-20,Pennsylvania man sentenced to 140 months on fraud  explosive charges,WMT
2016-01-18,Mexico s Walmex says begins process to sell clothes chain Suburbia,WMT
2016-01-17,Welcome To The New Normal  Dow Crashes Another 390 Points,WMT
2016-01-17,Simplify Your Research Process And K I S S  Your Worries Goodbye ,WMT
2016-01-14,Wal Mart closed over 10 percent of Brazil stores in restructuring  sources,WMT
2016-01-09,UK supermarket Asda sees volatile sales in 2016,WMT
2016-01-07,Deutsche Telekom under scrutiny over working conditions at U S  arm T Mobile,WMT
2016-01-06,ISM A Leading Indicator Of Jobs  Why 2016 Will Shock To The Downside,WMT
2015-12-23,Wal Mart considers closing 5 percent of Brazil stores  report,WMT
2015-12-21,Cambodia police use water cannon to break up textiles strike,WMT
2015-12-18,Wal Mart names Tony Rogers as U S  marketing head  Bloomberg,WMT
2015-12-16,Mystery Santas pay for  484 000 in U S  shoppers  Walmart purchases ,WMT
2015-12-09,California shooters discussed martyrdom before meeting  FBI,WMT
2015-12-07,U S  stocks fall sharply  as energy sell off drags down major indices,WMT
2015-12-04,Activist investor renews call for Yahoo to sell core business,WMT
2015-12-01,Weak Retail Pulls Market Down ,WMT
2015-12-01,Central Bank Decision Expectations Drive Markets,WMT
2015-11-30,U S  stocks end strong November on down note  as retail stocks weigh,WMT
2015-11-27,Black Friday Marked By Usual Madness,WMT
2015-11-20,Wal Mart scrimped on hiring as store space grew rapidly ,WMT
2015-11-17,Top 5 Things to Know Today,WMT
2015-11-17,WMT Reacts Positively To Better Than Expected Quarterly Earnings,WMT
2015-11-17,Top 5 Things to Know Today ,WMT
2015-11-17,Wal Mart surges 3 3  in pre market trade after Q3 results,WMT
2015-11-16,Buffett not selling stocks as a result of Paris attacks  CNBC,WMT
2015-11-13,Investor case over Wal Mart bribes hangs on judge s advice,WMT
2015-11-13, Super Friday  Unlikely To Shift ECB Policy Thoughts,WMT
2015-11-12,The Globe s Top 10 Employers,WMT
2015-11-12,Walmart workers group plans 15 day protest leading to Black Friday,WMT
2015-11-12,Walmart Announces Online Black Friday Deals,WMT
2015-11-08,Yowie Group  Rollout Leads To Record Sales ,WMT
2015-10-28,Walmart  A Fallen Angel Finally Worth Buying  ,WMT
2015-10-26,Prosecution of U S  police for killings surges to highest in decade,WMT
2015-10-21,September Just The Warm Up For Potential Recession,WMT
2015-10-21,Silver Lake  Thoma Bravo to take SolarWinds private in  4 5 billion deal,WMT
2015-10-20,U S  ends probe of Wal Mart on  Made in USA  logo,WMT
2015-10-19,Wal Mart bribery probe finds few major offenses in Mexico  WSJ,WMT
2015-10-19,Will Gold Finish 2015 With A Gain ,WMT
2015-10-18,Is Helicopter Money  NIRP And Collateral Guarantee In Our Future  ,WMT
2015-10-16,Rare store sales data highlights Wal Mart s China challenge,WMT
2015-10-15,iFOREX Daily Analysis   October 15  2015,WMT
2015-10-15,Euro  Pound  Aussie And Gold Gain On Weak U S  Data,WMT
2015-10-15,Walmart Traffic Down But NYSE Traffic Is Up  A Warning Flag ,WMT
2015-10-15,Buy The Dip  Wal Mart Stores  WMT ,WMT
2015-10-15, U S  stock futures rise amid hopes for delayed Fed lift off ,WMT
2015-10-15,Dollar at two month low as Fed easing whispers start  ,WMT
2015-10-14,Albertsons to postpone IPO until market improves  source,WMT
2015-10-09,China Resources unit to sell stakes in Wal Mart China stores,WMT
2015-09-30,Sainsbury s profit upgrade cheers British supermarkets,WMT
2015-09-30,Wal Mart to cut hundreds of jobs at headquarters ,WMT
2015-09-28,Whole Foods Market to cut about 1 500 jobs,WMT
2015-09-23,There s More In Store For Walmart When It Comes To Wages,WMT
2015-09-22,Yowie Group  Confectionery With A Conscience ,WMT
2015-09-20,The Deviation Between The Economy And the Markets,WMT
2015-09-17,Wal Mart to hire 60 000 for holiday rush,WMT
2015-09-16,Wal Mart worker group splits in two  both sides vow to continue wage fight,WMT
2015-09-10,Kmart beefs up layaway plan eyeing early holiday demand,WMT
2015-09-10,Unions file new Wal Mart labor complaint related to store closure,WMT
2015-09-10,Wal Mart finds  material weakness  in controls over accounting of leases,WMT
2015-09-04,Have Low Wage Worker Protests Accomplished Anything ,WMT
2015-09-02,Wal Mart to reopen five U S  stores at center of union complaint,WMT
2015-08-31,Dating site eHarmony aims to mix work with pleasure,WMT
2015-08-28,Selling The Drama Or Buying The Rally ,WMT
2015-08-26,Latest From FED Indicates Rate Hike Will Be Later Rather Than Sooner,WMT
2015-08-26,Britain s Sainsbury s boosts pay on shop floor,WMT
2015-08-26,Wal Mart to stop selling AR 15  other semi automatic rifles,WMT
2015-08-19,Wal Mart Stock Falls  Harbinger Of Overall U S  Economy ,WMT
2015-08-18,Wal Mart Earnings Miss Estimates  Company Cuts Outlook ,WMT
2015-08-18,Wal Mart drops 2 3  in pre market trade after cutting full year outlook,WMT
2015-08-15,New Orleans Walmart evacuated  armed suspects inside,WMT
2015-08-12,China  Finally  New Unexpected News For Markets To Digest,WMT
2015-08-07,Solid U S  jobs report bolsters case for Fed rate hike,WMT
2015-07-23,Wal Mart buys out China e commerce firm Yihaodian in online push,WMT
2015-07-16,Gay marriage ruling leaves U S  firms unclear on spousal benefits ,WMT
2015-07-14,Wal Mart sued for denying health insurance to gay worker s wife,WMT
2015-07-10,Walmart suppliers grapple with challenge of  Made in USA  labels,WMT
2015-06-27,Hur leads in Arkansas after darkness stops play,WMT
2015-06-25,The Productivity Puzzle,WMT
2015-06-23,Wal Mart to impose charges on suppliers as its costs mount,WMT
2015-06-23,South Carolina governor calls for Confederate flag s removal,WMT
2015-06-23,Wall Street edges up in quiet session  Nasdaq ends at record,WMT
2015-06-21,Global brands stretched by India s food safety record,WMT
2015-06-17,Wal Mart uses tax havens to cut taxes on foreign units  advocacy group,WMT
2015-06-14,The Week Ahead  Market Message For The Fed ,WMT
2015-06-11,Investing In Low Morals For High Profits,WMT
2015-06-05,Waltons cement grip on Wal Mart with new chairman,WMT
2015-06-03,Shares in teen discount store Five Below surge after strong 1Q,WMT
2015-06-03,Wal Mart relaxing dress code in bid to address worker concerns,WMT
2015-06-02,Wal Mart makes slow progress navigating Africa s challenges ,WMT
2015-06-01,Healing Tracy Morgan vows comeback  worries won t be funny,WMT
2015-05-28,GameStop Expectations Are Muted,WMT
2015-05-28,Millennial  NOwners  follow Uber with new fashion trading model ,WMT
2015-05-27,Tracy Morgan settles lawsuit with Wal Mart for undisclosed sum,WMT
2015-05-21,UK s April Retail Sales Stronger Than Expected,WMT
2015-05-20,McDonald s  other fast food workers  protest ahead of annual meeting,WMT
2015-05-20,Walmart s Earnings Hit By A Stronger Greenback,WMT
2015-05-19,Wal Mart drops 2 2  in pre market trade after earnings miss,WMT
2015-05-17,Indexes Eked Out Small Gain This Week  S P 500 Hits All Time High,WMT
2015-05-15,Wal Mart presses case for repairs at stores in labor dispute,WMT
2015-05-13,Gay rights supporters score two victories in conservative Arkansas,WMT
2015-05-10,Walmart  Neutral Outlook,WMT
2015-05-07,Daily Shot  Eurozone Recovery Remains Uneven,WMT
2015-04-29,Nervous Start For Euromarkets  Interest Rates Remain Unchanged In Sweden,WMT
2015-04-29,Wal Mart to expand China store network by nearly a third after  growth stalls,WMT
2015-04-26,Ethiopia Puts Out The Welcome Mat,WMT
2015-04-25,Up to 150 000 Bangladesh workers lost jobs after Rana Plaza safety overhaul ,WMT
2015-04-21,Arkansas capital okays anti discrimination rule forbidden by state,WMT
2015-04-20,Union seeks injunction from labor board over Wal Mart store closings,WMT
2015-04-17,Wal Mart cutting layer of management in stores  Bloomberg,WMT
2015-04-17,Wal Mart shuffles U S  store management to improve sales,WMT
2015-04-13,HBO goes to trial over alleged  hoax  child labor report,WMT
2015-04-10,Wal Mart says Walton family to sell shares to keep lid on stake,WMT
2015-04-03,Solid US Job Growth Anticipated Despite Weak Economy,WMT
2015-04-03,When Oil And Jobs Don t Mix,WMT
2015-04-03,One Last Thing Before The Week Is Over,WMT
2015-04-02,McDonalds Workers Respond To Wage Hike Announcement With Protests,WMT
2015-04-01,McDonald s raising average worker wage to about  10 an hour,WMT
2015-04-01,Wal Mart says it is looking at product sourcing to lower prices,WMT
2015-04-01,Arkansas governor seeks fix of religion bill seen as targeting gays,WMT
2015-03-31,Little Rock mayor asks Arkansas gov  to stop  divisive  religion bill,WMT
2015-03-30,SEC says Wal Mart can omit shareholder proposal on staff  engagement ,WMT
2015-03-30,UBS On The Driver For Gold  What Is Gold About To Tell Us ,WMT
2015-03-29,Fed Policy And The Importance Of Follow Through,WMT
2015-03-25,New online platform tracks corporate actions in tropical forests,WMT
2015-03-20,SEC to allow vote on Wal Mart independent chairman shareholder proposal,WMT
2015-03-19,French retailer Carrefour returning to Algeria   source ,WMT
2015-03-18,It s Now Cheaper To Buy Oil Than Lemonade,WMT
2015-03-18,Mexican retailer Walmex to slow expansion plans in 2015,WMT
2015-03-12,As the Discount Wars Heat Up  Dollar General Poised To Get Squeezed,WMT
2015-03-09,NFP Blow Out Clears Runway For 2h15 Lift Off,WMT
2015-02-25,Daily Commentary  NZD USD Shoot Up On China s HSBC PMI,WMT
2015-02-24,7 Charts Explain Why Bad News Is Good News In Europe,WMT
2015-02-23,Still Flying  But This Cycle Is Getting Quite Old,WMT
2015-02-22,Saving Greece  What ETF Investors Should Really Be Focused On,WMT
2015-02-20,Wal Mart Weighs On Dow,WMT
2015-02-19,U S  jobless claims fall as labor market gains momentum ,WMT
2015-02-19,Wal Mart says port issue impacting supply of some goods,WMT
2015-02-19,Wal Mart drops 1  in pre market trade after cutting guidance,WMT
2015-02-14,Tesco to cut up to 10 000 jobs  Sunday Telegraph,WMT
2015-02-13,At record high  U S  stocks look to extend breakout,WMT
2015-01-28,Plug Power tempers sales forecast to manage investor expectations,WMT
2015-01-20,Supreme Court rejects challenge to debit card  swipe fees  rules,WMT
2015-01-09,Ex FBI lawyer and Enron prosecutor to head U S  Justice Department fraud unit,WMT
2015-01-06,Basic Truths And Consequences,WMT
2014-12-26,MasterCard holiday spending report shows electronics weak  lodging strong,WMT
2014-12-19,Wal Mart de Mexico board names Ostale new CEO,WMT
2014-12-18,In South Korea  IKEA opens biggest store to lure tiny households,WMT
2014-12-16,Wal Mart must pay  188 million in workers  class action,WMT
2014-12-14,BC Partners To Acquire Petsmart For  8 7 Billion,WMT
2014-12-12,Tesco s new boss looks to avoid nightmare before Christmas,WMT
2014-12-11,Wal Mart says found China pricing discrepancies in 2011,WMT
2014-12-10,Judge sides with California workers in Walmart labor dispute,WMT
2014-12-10,Wal Mart Stores names Judith Mckenna as U S  operations COO ,WMT
2014-11-28,Wall St  up for sixth straight week despite oil rout,WMT
2014-11-28,Workers Protest Outside of Walmart On Black Friday,WMT
2014-11-26,Wal Mart dismisses several China executives to cut costs,WMT
2014-11-25,Wal Mart U S  chief merchandiser departs just before Black Friday ,WMT
2014-11-21,Walmart workers announce Black Friday protest locations,WMT
2014-11-18,Walmart India Fires Mid level Manager Amid Bribery Probe,WMT
2014-11-14,Wal Mart workers to protest on Black Friday  group,WMT
2014-11-14,Q3 Earnings Season In Final Stretch,WMT
2014-11-14,Oil Prices Plunge,WMT
2014-11-14,EUR USD Under Pressure  14 11 2014,WMT
2014-11-13,Tokyo shares on track for fourth straight weekly gain  polls eyed,WMT
2014-11-13,Dow Hits Record As Wal Mart Beats Street ,WMT
2014-11-13,Wal Mart up 1 7  in pre market trade after upbeat Q3 earnings,WMT
2014-11-12,Wal Mart  urgent  memo urges improvement at U S  stores  NYT,WMT
2014-11-12,Wal Mart  What To Expect In Its Q3 Report,WMT
2014-11-11,Alibaba reports record  9 billion Singles  Day sales,WMT
2014-11-10,Aldi targets doubling of UK stores with 600 million pound investment,WMT
2014-11-10,Dow  S P 500 end at record highs  transports jump,WMT
2014-11-10,Futures inch up after three week rally  Alibaba active,WMT
2014-11-10,5 Stocks To Watch This Week,WMT
2014-11-08,Wal Mart to focus on food safety in China  Asia chief,WMT
2014-11-02,Data Dump  Treat Or Trick,WMT
2014-10-30,Wal Mart to close 30 underperforming stores in Japan  take charge,WMT
2014-10-23,Tesco accounting black hole deepens  chairman to step down ,WMT
2014-10-22,Dow Trend  Simple As ABC ,WMT
2014-10-16,New Tesco boss likely to sell assets to fund recovery plan,WMT
2014-10-15,Wal Mart cuts full year sales growth forecast,WMT
2014-10-15,Wal Mart CEO vows to end minimum wage pay in future,WMT
2014-10-08,Price cuts no quick cure for Tesco s ills,WMT
2014-09-29,Big shift in China economy to  disrupt  Western retailers  Li   Fung head,WMT
2014-09-24,Walmart To Offer Low Cost Checking Accounts,WMT
2014-09-23,Tesco parachutes in new finance boss to fix accounting scandal,WMT
2014-09-15,Wal Mart spokesman resigns over false information in resume  Bloomberg,WMT
2014-09-12,Walmart Uniforms Hail From Jordan  Not USA  Report,WMT
2014-09-11,Kroger boosted by acquisitions  stock down on sales view,WMT
2014-08-29,Tesco slashes dividend after second profit warning in two months,WMT
2014-08-27,2 Important Economic Signals ,WMT
2014-08-15,Has Stock Bias Affected ETF Asset Allocation ,WMT
2014-08-14,Wal Mart cuts forecast as it spends more on healthcare  online,WMT
2014-08-14,Denver event aims to close gap in Walmart s  Made in USA  push,WMT
2014-08-14,Wal Mart down 1 4  ahead of the open after cutting full year forecast,WMT
2014-08-14,M S patches up  consumer love affair  for merrier Christmas,WMT
2014-08-10,S P 500 Weekly Earnings  Q4  14 Earnings Growth Shaping Up Nicely,WMT
2014-07-30,How Malaysia Airlines Can Save Itself   Or Not,WMT
2014-07-24,Wal Mart replaces head of struggling U S  business,WMT
2014-07-24,The Shelves Are Packed At Walmart,WMT
2014-07-23,Wal Mart loses bid to keep documents on bribery probe from shareholder,WMT
2014-07-21,Tesco ditches CEO for Unilever man after profit warning,WMT
2014-07-20,Wal Mart adds  102 9 million in Indian wholesale business in June,WMT
2014-07-14,U S  stocks gain on Citi earnings  takeover news  Dow rises 0 66 ,WMT
2014-07-08,French Retail Giant Carrefour To Shut Shop In India,WMT
2014-07-07,U S  job rebound not spurring spending  Wal Mart s Simon says,WMT
2014-07-07,Carrefour to exit India  shut five wholesale stores,WMT
2014-06-20,Family Dollar  Icahn s Losing Battle ,WMT
2014-06-14,Wal Mart India s B2B E Commerce To Begin In July,WMT
2014-06-10,Wal Mart com CEO To Step Down,WMT
2014-06-04,Groupe Casino  Carrefour And Wal Mart Cover Africa With Online Shopping ,WMT
2014-05-29,Modi Government s Decision On Foreign Investments Should Be Respected  UK Official,WMT
2014-05-20,The Decline Of Small Business   Decline Of Basic Skills,WMT
2014-05-13,How Wal Mart Plans To Shore Up Its Earnings,WMT
2014-05-09,How To Get Wal Mart To Stay Solar Without Tax Credits,WMT
2014-05-09,Obama Takes Flak For Wal Mart Appearance,WMT
2014-05-08,ETFs To Watch After Whole Foods Earnings Disappoint,WMT
2014-05-05,Carrefour Plans To Exit India,WMT
2014-05-02,Sector Leadership Says What It Says,WMT
2014-04-28,Wal Mart   A Costly Exit From Indian Partnership,WMT
2014-04-23,Some Farmers Uneasy As Wal Mart Rolls Out Organic Line,WMT
2014-04-18,Wal Mart Moves Deeper Into The War For Your Wallet ,WMT
2014-04-09,Walmart  Short Term Concerns But Sound Fundamentals,WMT
2014-04-08,Wal Mart Really Likes In India,WMT
2014-03-30,Emerging Markets  Too Toxic To Touch  ,WMT
2014-03-24,Here s What Walmart s Annual Report Says About Food Stamps,WMT
2014-03-18,Why Costco Does Not Look So Promising,WMT
2014-03-12,U S  stocks mixed on Ukraine fears  Dow slides 0 07 ,WMT
2014-03-11,U S  stocks extend losses on Chinese trade figures  Dow slides 0 41 ,WMT
2014-02-26,U S  stocks gain on housing data in choppy session  Dow up 0 12 ,WMT
2014-02-26,Why Investors Are Cautious Over Target,WMT
2014-02-25,U S  stocks open lower after home price data  Dow Jones down 0 27 ,WMT
2014-02-25,How To Trade It  S P Uncertain  Stops Short Of New Highs,WMT
2014-02-25,U S  futures slip lower ahead of data  Dow Jones down 0 13 ,WMT
2014-02-23,Retirement Epidemic  Poison Now Or Later ,WMT
2014-02-20,Technology Sector A Good Bet For Investors,WMT
2014-02-20,S P Winning Streak Stops At Eleven On IMF Report,WMT
2014-02-20,Wal Mart beats by  0 01  misses on revenue  shares down 1 2 ,WMT
2014-02-20,How Wal Mart Will Report Amid Rocky Holiday Retail Sales,WMT
2014-02-06,U S  stocks rally on jobless claims data  Dow gains 1 22 ,WMT
2014-02-04,Wal Mart Expanding In Canada,WMT
2014-02-02,Dow Jones Hit With Sell Signal,WMT
2014-01-31,Dip Buying Riskier Now Than In 2013,WMT
2014-01-30,A Bearish Stance On Best Buy ,WMT
2014-01-29,Has Target Lost Its Momentum ,WMT
2014-01-24,Wal Mart Denies Chinese Broadcaster s Claims,WMT
2014-01-22,Retail Stock Levels To Watch,WMT
2014-01-17,What s Really At Stake In Union Vs  Wal Mart Battle,WMT
2014-01-17,Top Stocks For Investors In An Uncertain Retail Market,WMT
2014-01-17,STTG Market Recap  S P 500 Fell 0 13  While Nasdaq Gained 0 09 ,WMT
2014-01-16,U S  futures steady ahead of economic reports  Dow Jones down 0 09 ,WMT
2014-01-16,U S  stocks drop after strong jobless report  Dow Jones down 0 36 ,WMT
2014-01-16,Asian stocks mixed  Hang Seng rises 1 ,WMT
2014-01-16,U S  stocks edge lower on earnings  Dow slides 0 39 ,WMT
2014-01-14,Why Costco s Growth Rate Is Impressive,WMT
2014-01-12,Cyber Attacks  Will They Grind Commerce To A Halt ,WMT
2013-12-24,Don t Bet On More Taper Soon,WMT
2013-12-15,The 5 Hottest Emerging Markets ETFs For 2014,WMT
2013-12-15,Monthly Dividend Stocks To Snag In 2014,WMT
2013-12-13,Discount Merchandisers Facing Earnings Squeeze In 2014 ,WMT
2013-12-11,The Stock That Will Perform Best As Consumer Spending Pulls Back,WMT
2013-12-06,Will Costco Beat Analyst Expectations ,WMT
2013-12-06,U S  stocks gain on solid jobs  sentiment data  Dow rises 1 26 ,WMT
2013-12-05,No Santa Claus Rally For Wal Mart,WMT
2013-12-04,Tesco Reports Sales Decline Of 1 5  In UK Sales,WMT
2013-12-04,U S  stocks largely lower on Fed tapering uncertainty  Dow down 0 16 ,WMT
2013-12-03,Best Buy s New Strategy A Buying Opportunity ,WMT
2013-11-29,What Does A New CEO At Wal Mart Mean For Investors ,WMT
2013-11-27,VLU  Time for This Value Focused ETF ,WMT
2013-11-26,U S  stocks open slightly higher after strong data  Dow Jones up 0 16  ,WMT
2013-11-26,U S  futures steady ahead of data  Dow Jones down 0 08  ,WMT
2013-11-24,Market In A Semi Delirious State ,WMT
2013-11-22,OECD Predicts China Top Economy By 2016  Consumer Spending To Soar,WMT
2013-11-21,Hey Santa  Bearish Retailer Charts Have Me Concerned ,WMT
2013-11-21,Early Signs Point To Upcoming Storm For Retail Sector,WMT
2013-11-20,Bernanke s Forward Guidance Emphasis,WMT
2013-11-20,Will Target Beat Analyst Expectations ,WMT
2013-11-18,Company Notes  Macy s Is Positive  Nordstrom Is Cautious ,WMT
2013-11-17,What Wal Mart Could Learn From Henry Ford,WMT
2013-11-14,U S  stocks mixed with Senate hearing in focus  Dow Jones down 0 02 ,WMT
2013-11-14,5 Retail Stocks That May Benefit Significantly From The Holiday Season,WMT
2013-11-14,Stock Market Outlook  A Move Higher Ahead of Yellen Meeting,WMT
2013-11-14,Macy s Beats Earnings Estimates  Signals Positive Retail Sector,WMT
2013-11-11,Retail Sales Confirm The Economy Is In Trouble,WMT
2013-11-10,Weekend Reading You Shouldn t Miss,WMT
2013-11-08,Indepth Look At The E Commerce Landscape,WMT
2013-10-31,BOJ Bullish On Inflation,WMT
2013-10-28,U S  stocks end mixed as market awaits Fed decision  Dow dips 0 01 ,WMT
2013-10-20,Buy The Rumor  Sell The News ,WMT
2013-10-16,Fights in Congress Distract From Bigger Issue In U S  Economy,WMT
2013-10-13,Irksome Sign Of Consumer Pullback  Costco Membership Drops,WMT
2013-10-09,Shutdown Woes Continue  Yellen Nomination Forthcoming,WMT
2013-10-07,Wal Mart Will Soon Bounce,WMT
2013-10-03,Who Will Be The Stock Market Leaders This Earnings Season ,WMT
2013-09-30,The Income Inequality Trade  New Way To Profit From The Wealth Gap,WMT
2013-09-29,Fall s Beginning  Will Stocks Continue Their Climb ,WMT
2013-09-27,A Decline Ahead For Major Indexes ,WMT
2013-09-26,Stocks Continue Losing Streak On Wednesday,WMT
2013-09-26,Equity Markets Likely To Correct ,WMT
2013-09-25,U S  stocks dip on Washington fiscal impasse  Dow down 0 40 ,WMT
2013-09-16,Tapering  Bulls  Death Knell  ,WMT
2013-09-15,Forward 4 Q Growth Hits Highest Level Since Q1  12,WMT
2013-09-13,Volume Light Over Possibility Of Syrian Fight,WMT
2013-09-12,The Asset Classes Investors Need In Their Retirement Portfolio,WMT
2013-09-11,US Retailers  Dwindling Fortunes  Economic Slowdown Ahead ,WMT
2013-09-04,FedEX  Volatility Breaches Annual High Well Ahead Of Earnings,WMT
2013-08-30,U S  stocks fall on rekindling Syrian concerns  Dow down 0 21 ,WMT
2013-08-25,Retail Sector Overview  3 Places To Shop Now,WMT
2013-08-22,Red Flags In The Retail Sector Threatening US GDP Growth,WMT
2013-08-20,Why These Two Big Company Earnings Reports Concern Me So Much,WMT
2013-08-20,These CEOs Cry The Blues As Consumer Spending Pulls Back Again,WMT
2013-08-19,U S  futures steady amid Fed tapering speculation  Dow Jones up 0 01 ,WMT
2013-08-19,DJIA Saw Largest Declines Year To Date Last Week,WMT
2013-08-18,Forward S P 500 Growth Rate Continues Its Ascent,WMT
2013-08-18,3 Retail Stocks To Bank On,WMT
2013-08-18,S P 500  Small Caps  Gold  Interest Rates And Cisco,WMT
2013-08-18,Market s Summer Dip Right On Schedule,WMT
2013-08-16,Four Reasons To Respect The Bearish Case,WMT
2013-08-15,Futures Lower After Cisco Earnings  Weaker Dollar,WMT
2013-08-15,Stocks Futures Drop After Higher Yields  Disappointing Earnings ,WMT
2013-08-15,Bull Vs  Bear  Is Wal Mart On Top Or In Trouble  ,WMT
2013-08-15,STTG Market Recap  A Weaker S P  NASDAQ Comes Down To Earth,WMT
2013-08-11,Dow Jones Industrial Average Fades Into Weekly Loss,WMT
2013-07-30,How To Avoid The Worst Style ETFs,WMT
2013-07-25,How To Find the Best Sector ETFs,WMT
2013-07-23,U S stocks end mixed in lackluster trading  Dow up 0 15 ,WMT
2013-05-30,Wal Mart Pleads Guilty To Dumping Toxic Waste  Pays  82 Million Fine,WMT
2013-05-09,Walmart  Expect A Move Higher,WMT
2013-05-08,The Services Sector And Dividends,WMT
2013-04-09,Wal Mart s Going To Be A Short  Great Level Revealed,WMT
2013-03-22,U S  stocks rise on Cyprus optimism  earnings  Dow gains 0 63 ,WMT
2013-02-21,Junk ETFs Hold In Despite Stock Selling ,WMT
2012-08-15,Why I m Buying  Wal Mart Stock On Retracement To Lower Prices,WMT
2012-05-16,Netflix  The Way Forward,WMT
2012-04-23,U S  futures lower amid E Z  worries  Dow Jones down 0 93 ,WMT
2012-04-17,Roadmap To The Best And Worst Sectors For Funds 2012,WMT
2012-04-12,Wal Mart Is The Only Leading Retailer That Is Down Today  April 12  2012,WMT
2012-04-03,Five Undervalued  Dividend Paying Retailers,WMT
2012-03-16,Wal Mart Stores  Stable in March,WMT
2012-01-30,Price Model for Wal Mart Shares in 2012,WMT
2012-01-06,Wal Mart   World s Greatest Retailer  After a Long Hiatus  is a Solid Buy,WMT
2011-12-23,Mead Johnson  MJN    Stock Drops  80  Spike in Vol Pushes New High on Product Recall from Wal Mart,WMT
2011-08-02,US STOCKS Wall Street falls on worries over economy,WMT
2011-06-20,US STOCKS Wall St advances in a bounce off key support,WMT
2011-05-17,US STOCKS S P  Nasdaq fall below 50 day moving averages,WMT
2009-10-29,Activists say fish deal hostage to WTO deadlock,WMT
2009-10-21,US STOCKS Financials slam Wall Street  eBay drops late,WMT
2009-10-21,US STOCKS Wall St drops as financials fall in late sell off,WMT
2009-10-13,M S suitors for top job get chance to prove worth,WMT
2009-10-07,UPDATE 1 Carrefour says growth markets priority  denies exit,WMT
2009-10-02,US STOCKS Futures down ahead of employment data,WMT
2009-08-14,GLOBAL MARKETS European data drives world stocks to 10 mth high,WMT
2009-08-14,GLOBAL MARKETS World stocks rally  China caps gains,WMT
2009-08-14,GLOBAL MARKETS Japan shares hit 10 mth peak on eurozone data,WMT
2009-08-14,GLOBAL MARKETS Japan stocks at 10 mth high on eurozone data,WMT
2009-08-14,GLOBAL MARKETS Japan shares hit 10 mth peak on eurozone data,WMT
2009-08-13,US STOCKS SNAPSHOT Wall St up as Wal Mart offsets economic data,WMT
2009-08-13,US STOCKS SNAPSHOT Futures rise to session high after Wal Mart,WMT
2009-08-13,US STOCKS SNAPSHOT Futures trim gains after retail sales data,WMT
2009-08-13,UPDATE 3 Wal Mart s flat profit beats estimates  shares up,WMT
2009-08-13,US STOCKS SNAPSHOT Walmart results lift Wall St at open,WMT
2009-06-15,US STOCKS Lower open eyed as commodities  Wal Mart weigh,WMT
2009-06-15,US STOCKS SNAPSHOT Wall St opens lower on commodities  Wal Mart,WMT
2009-05-20,FEATURE Tesco s Fresh   Easy evolving in tough U S  market,WMT
2009-05-20,UPDATE 2 Investor nod seen in Wal Mart India store launch,WMT
2009-04-15,WRAPUP 2 U S  consumer prices  industrial output drop,WMT
2009-03-16,REFILE Reuters Summit UPDATE 2 Wal Mart revamping Great Value,WMT
2009-02-26,UPDATE 1 Tesco  Asda step up UK price war with more cuts,WMT
2009-01-08,WRAPUP 2 US jobless rolls at 26 yr high  retail sales weak,WMT
2008-12-22,Funai to acquire Philips N America DVD ops   paper,WMT
2008-11-13,UPDATE 4 Wal Mart net up 10 percent  but outlook lowered,WMT
2008-11-10,US shares set to rise on China package  AIG in focus,WMT
2008-11-09,RPT Wall St Wk Ahead  Stocks eye retail data  Treasury pick,WMT
2008-10-29,China vows harsh penalties for melamine eggs scare,WMT
